"","ltuer_occ","ltuer_soc2010","ltuer_soc_major","ltuer_soc_minor","ltuer_soc_broad"
"1",0.390617667905639,0.390617667905639,0.347023672604906,0.371804122619335,0.390617667905639
"2",0.356337070895074,0.356337070895074,0.347023672604906,0.371804122619335,0.356337070895074
"3",0.349213966498906,0.349213966498906,0.347023672604906,0.349213966498906,0.349213966498906
"4",0.349213966498906,0.349213966498906,0.347023672604906,0.349213966498906,0.349213966498906
"5",0.349213966498906,0.349213966498906,0.347023672604906,0.349213966498906,0.349213966498906
"6",0.468451671863668,0.468451671863668,0.347023672604906,0.376991551716436,0.468451671863668
"7",0.376319855649259,0.376319855649259,0.347023672604906,0.376991551716436,0.376319855649259
"8",0.382179301927228,0.382179301927228,0.347023672604906,0.376991551716436,0.382179301927228
"9",0.368582750745165,0.368582750745165,0.347023672604906,0.376991551716436,0.368582750745165
"10",0.368582750745165,0.368582750745165,0.347023672604906,0.376991551716436,0.368582750745165
"11",0.368582750745165,0.368582750745165,0.347023672604906,0.376991551716436,0.368582750745165
"12",0.340438355006004,0.340438355006004,0.347023672604906,0.376991551716436,0.340438355006004
"13",0.374045078084236,0.374045078084236,0.347023672604906,0.376991551716436,0.374045078084236
"14",0.360918950174782,0.360918950174782,0.347023672604906,0.376991551716436,0.360918950174782
"15",0.291540016463638,0.291540016463638,0.347023672604906,0.331652537621519,0.291540016463638
"16",0.349045379926706,0.349045379926706,0.347023672604906,0.331652537621519,0.349045379926706
"17",0.330484718471633,0.330484718471633,0.347023672604906,0.331652537621519,0.330484718471633
"18",0.389520055754744,0.389520055754744,0.347023672604906,0.331652537621519,0.389520055754744
"19",0.309320758322912,0.309320758322912,0.347023672604906,0.331652537621519,0.309320758322912
"20",0.497252802650274,0.497252802650274,0.347023672604906,0.331652537621519,0.497252802650274
"21",0.497252802650274,0.497252802650274,0.347023672604906,0.331652537621519,0.497252802650274
"22",0.349014732865114,0.349014732865114,0.347023672604906,0.331652537621519,0.349014732865114
"23",0.419326076706229,0.419326076706229,0.347023672604906,0.331652537621519,0.419326076706229
"24",0.381024902751618,0.381024902751618,0.347023672604906,0.331652537621519,0.381024902751618
"25",0.311296649482206,0.311296649482206,0.347023672604906,0.331652537621519,0.311296649482206
"26",0.311296649482206,0.311296649482206,0.347023672604906,0.331652537621519,0.311296649482206
"27",0.329716225889286,0.329716225889286,0.347023672604906,0.331652537621519,0.329716225889286
"28",0.302764410934272,0.302764410934272,0.325250065906211,0.315864881385743,0.302764410934272
"29",0.179392136239666,0.179392136239666,0.325250065906211,0.315864881385743,0.334773200052742
"30",0.332057714804759,0.332057714804759,0.325250065906211,0.315864881385743,0.334773200052742
"31",0.343863152839686,0.343863152839686,0.325250065906211,0.315864881385743,0.334773200052742
"32",0.348010170956149,0.348010170956149,0.325250065906211,0.315864881385743,0.348010170956149
"33",0.234731508221559,0.234731508221559,0.325250065906211,0.315864881385743,0.234731508221559
"34",0.364625904900018,0.364625904900018,0.325250065906211,0.315864881385743,0.364625904900018
"35",0.327415075965289,0.327415075965289,0.325250065906211,0.315864881385743,0.327415075965289
"36",0.327415075965289,0.327415075965289,0.325250065906211,0.315864881385743,0.327415075965289
"37",0.327415075965289,0.327415075965289,0.325250065906211,0.315864881385743,0.327415075965289
"38",0.373994744125961,0.373994744125961,0.325250065906211,0.315864881385743,0.373994744125961
"39",0.318902881299804,0.318902881299804,0.325250065906211,0.315864881385743,0.318902881299804
"40",0.237180095464047,0.237180095464047,0.325250065906211,0.315864881385743,0.237180095464047
"41",0.237180095464047,0.237180095464047,0.325250065906211,0.315864881385743,0.237180095464047
"42",0.300784158320794,0.300784158320794,0.325250065906211,0.315864881385743,0.300784158320794
"43",0.300784158320794,0.300784158320794,0.325250065906211,0.315864881385743,0.300784158320794
"44",0.359565960091385,0.359565960091385,0.325250065906211,0.33766284595121,0.359565960091385
"45",0.285006935983855,0.285006935983855,0.325250065906211,0.33766284595121,0.285006935983855
"46",0.354763730077697,0.354763730077697,0.325250065906211,0.33766284595121,0.354763730077697
"47",0.399779998010462,0.399779998010462,0.325250065906211,0.33766284595121,0.399779998010462
"48",0.298342928850017,0.298342928850017,0.325250065906211,0.33766284595121,0.332629063092737
"49",0.339096678445742,0.339096678445742,0.325250065906211,0.33766284595121,0.332629063092737
"50",0.385462960668927,0.385462960668927,0.325250065906211,0.33766284595121,0.332629063092737
"51",0.257665295302324,0.257665295302324,0.325250065906211,0.33766284595121,0.257665295302324
"52",0.3571787662592,0.3571787662592,0.325250065906211,0.33766284595121,0.3571787662592
"53",0.268855652584052,0.268855652584052,0.325250065906211,0.33766284595121,0.235874766164588
"54",0.231279698567365,0.231279698567365,0.325250065906211,0.33766284595121,0.235874766164588
"55",0.420799706590677,0.420799706590677,0.325250065906211,0.33766284595121,0.420799706590677
"56",0.339036282753007,0.339036282753007,0.343720663937484,0.344381470595051,0.339036282753007
"57",0.339036282753007,0.339036282753007,0.343720663937484,0.344381470595051,0.339036282753007
"58",0.339036282753007,0.339036282753007,0.343720663937484,0.344381470595051,0.339036282753007
"59",0.398811738276251,0.398811738276251,0.343720663937484,0.344381470595051,0.343620933081602
"60",0.316979796263985,0.316979796263985,0.343720663937484,0.344381470595051,0.343620933081602
"61",0.316979796263985,0.316979796263985,0.343720663937484,0.344381470595051,0.343620933081602
"62",0.347140141890149,0.347140141890149,0.343720663937484,0.344381470595051,0.347140141890149
"63",0.432703241717204,0.432703241717204,0.343720663937484,0.344381470595051,0.370659001959347
"64",0.348763452719341,0.348763452719341,0.343720663937484,0.344381470595051,0.370659001959347
"65",0.348763452719341,0.348763452719341,0.343720663937484,0.344381470595051,0.370659001959347
"66",0.348763452719341,0.348763452719341,0.343720663937484,0.344381470595051,0.370659001959347
"67",0.309887706452254,0.309887706452254,0.343720663937484,0.329208188844242,0.309887706452254
"68",0.391953674192868,0.391953674192868,0.343720663937484,0.329208188844242,0.391953674192868
"69",0.273267734328155,0.273267734328155,0.343720663937484,0.329208188844242,0.273267734328155
"70",0.38387094397532,0.38387094397532,0.38084757080403,0.361273507571844,0.38387094397532
"71",0.212804739222694,0.212804739222694,0.38084757080403,0.361273507571844,0.212804739222694
"72",0.396322073116222,0.396322073116222,0.38084757080403,0.395172417578113,0.396322073116222
"73",0.396322073116222,0.396322073116222,0.38084757080403,0.395172417578113,0.396322073116222
"74",0.430868659710676,0.430868659710676,0.38084757080403,0.395172417578113,0.430868659710676
"75",0.387846431238965,0.387846431238965,0.38084757080403,0.395172417578113,0.387846431238965
"76",0.431686533329955,0.431686533329955,0.38084757080403,0.395172417578113,0.431686533329955
"77",0.427783380195462,0.427783380195462,0.38084757080403,0.395172417578113,0.427783380195462
"78",0.491959191066448,0.491959191066448,0.38084757080403,0.395172417578113,0.491959191066448
"79",0.409327945233408,0.409327945233408,0.38084757080403,0.395172417578113,0.409327945233408
"80",0.229454691048506,0.229454691048506,0.38084757080403,0.395172417578113,0.229454691048506
"81",0.437661336387208,0.437661336387208,0.38084757080403,0.395172417578113,0.437661336387208
"82",0.362861510797958,0.362861510797958,0.38084757080403,0.395172417578113,0.362861510797958
"83",0.298356977030074,0.298356977030074,0.38084757080403,0.395172417578113,0.298356977030074
"84",0.381732491592895,0.381732491592895,0.38084757080403,0.395172417578113,0.381732491592895
"85",0.412088702510654,0.412088702510654,0.38084757080403,0.362463821991427,0.412088702510654
"86",0.33352903710566,0.33352903710566,0.38084757080403,0.362463821991427,0.33352903710566
"87",0.369091807397296,0.369091807397296,0.38084757080403,0.362463821991427,0.369091807397296
"88",0.25843687952409,0.25843687952409,0.300663933358585,0.299431316619457,0.25843687952409
"89",0.257248765397623,0.257248765397623,0.300663933358585,0.299431316619457,0.257248765397623
"90",0.326914663304019,0.326914663304019,0.300663933358585,0.299431316619457,0.326914663304019
"91",0.360385803267378,0.360385803267378,0.300663933358585,0.299431316619457,0.360385803267378
"92",0.471919130569487,0.471919130569487,0.300663933358585,0.359517688180589,0.471919130569487
"93",0.140204562276228,0.140204562276228,0.300663933358585,0.359517688180589,0.140204562276228
"94",0.361282374344463,0.361282374344463,0.300663933358585,0.359517688180589,0.361282374344463
"95",0.366551000687182,0.366551000687182,0.300663933358585,0.359517688180589,0.366551000687182
"96",0.349520646772682,0.349520646772682,0.300663933358585,0.359517688180589,0.349520646772682
"97",0.395526232808672,0.395526232808672,0.300663933358585,0.305476251665332,0.395526232808672
"98",0.232687688512165,0.232687688512165,0.300663933358585,0.305476251665332,0.232687688512165
"99",0.270357515142427,0.270357515142427,0.300663933358585,0.305476251665332,0.270357515142427
"100",0.270357515142427,0.270357515142427,0.300663933358585,0.305476251665332,0.270357515142427
"101",0.205646722169064,0.205646722169064,0.300663933358585,0.249381746360421,0.205646722169064
"102",0.288317216433086,0.288317216433086,0.300663933358585,0.249381746360421,0.288317216433086
"103",0.212768374416195,0.212768374416195,0.300663933358585,0.249381746360421,0.212768374416195
"104",0.316764730874499,0.316764730874499,0.300663933358585,0.249381746360421,0.316764730874499
"105",0.255864766617226,0.255864766617226,0.300663933358585,0.249381746360421,0.255864766617226
"106",0.302314216971265,0.302314216971265,0.309698219673683,0.309465526544879,0.302314216971265
"107",0.323553794117603,0.323553794117603,0.309698219673683,0.309465526544879,0.323553794117603
"108",0.323553794117603,0.323553794117603,0.309698219673683,0.309465526544879,0.323553794117603
"109",0.323553794117603,0.323553794117603,0.309698219673683,0.309465526544879,0.323553794117603
"110",0.285799513758778,0.285799513758778,0.309698219673683,0.309465526544879,0.285799513758778
"111",0.321824628262164,0.321824628262164,0.309698219673683,0.312415563841526,0.321824628262164
"112",0.230527570230208,0.230527570230208,0.309698219673683,0.312415563841526,0.230527570230208
"113",0.316954301083423,0.316954301083423,0.32841990737964,0.316954301083423,0.316954301083423
"114",0.316954301083423,0.316954301083423,0.32841990737964,0.316954301083423,0.316954301083423
"115",0.34915441337758,0.34915441337758,0.32841990737964,0.335642288563441,0.34915441337758
"116",0.312230553869016,0.312230553869016,0.32841990737964,0.335642288563441,0.312230553869016
"117",0.272777870862335,0.272777870862335,0.220142824611756,0.272777870862335,0.272777870862335
"118",0.23383543184372,0.23383543184372,0.220142824611756,0.198832303344207,0.23383543184372
"119",0.183219918462852,0.183219918462852,0.220142824611756,0.198832303344207,0.183219918462852
"120",0.19862214322722,0.19862214322722,0.220142824611756,0.198832303344207,0.19862214322722
"121",0.26327554995626,0.26327554995626,0.220142824611756,0.198832303344207,0.26327554995626
"122",0.234929831511944,0.234929831511944,0.220142824611756,0.234929831511944,0.234929831511944
"123",0.297883635399981,0.297883635399981,0.220142824611756,0.293406662013249,0.297883635399981
"124",0.297737375741079,0.297737375741079,0.220142824611756,0.293406662013249,0.297737375741079
"125",0.279751726836855,0.279751726836855,0.220142824611756,0.293406662013249,0.279751726836855
"126",0.220691790561694,0.220691790561694,0.220142824611756,0.222590880314943,0.220691790561694
"127",0.243830551644535,0.243830551644535,0.220142824611756,0.222590880314943,0.243830551644535
"128",0.263747289843076,0.263747289843076,0.27912556063309,0.322599189892317,0.263747289843076
"129",0.340390042342576,0.340390042342576,0.27912556063309,0.322599189892317,0.340390042342576
"130",0.237482870290615,0.237482870290615,0.27912556063309,0.208036195263141,0.237482870290615
"131",0.237482870290615,0.237482870290615,0.27912556063309,0.208036195263141,0.237482870290615
"132",0.141640001530122,0.141640001530122,0.27912556063309,0.208036195263141,0.141640001530122
"133",0.208940632654919,0.208940632654919,0.27912556063309,0.208036195263141,0.208940632654919
"134",0.255279126289446,0.255279126289446,0.27912556063309,0.208036195263141,0.255279126289446
"135",0.283114616334258,0.283114616334258,0.27912556063309,0.330418335162333,0.283114616334258
"136",0.321556452982727,0.321556452982727,0.27912556063309,0.330418335162333,0.321556452982727
"137",0.283861081294469,0.283861081294469,0.27912556063309,0.330418335162333,0.283861081294469
"138",0.283861081294469,0.283861081294469,0.27912556063309,0.330418335162333,0.283861081294469
"139",0.432352416257722,0.432352416257722,0.27912556063309,0.330418335162333,0.361634745106764
"140",0.33454336174641,0.33454336174641,0.27912556063309,0.330418335162333,0.361634745106764
"141",0.321844078817239,0.321844078817239,0.27912556063309,0.330418335162333,0.321844078817239
"142",0.330180496230204,0.330180496230204,0.27912556063309,0.282919210200041,0.330180496230204
"143",0.275155508627787,0.275155508627787,0.27912556063309,0.282919210200041,0.275155508627787
"144",0.240631977084425,0.240631977084425,0.27912556063309,0.282919210200041,0.240631977084425
"145",0.199981669608389,0.199981669608389,0.276148399692573,0.262393905541579,0.199981669608389
"146",0.288259487924478,0.288259487924478,0.276148399692573,0.262393905541579,0.288259487924478
"147",0.278364674922474,0.278364674922474,0.276148399692573,0.262393905541579,0.278364674922474
"148",0.280272957309158,0.280272957309158,0.276148399692573,0.262393905541579,0.280272957309158
"149",0.332330738047828,0.332330738047828,0.276148399692573,0.262393905541579,0.332330738047828
"150",0.28033947654937,0.28033947654937,0.276148399692573,0.262393905541579,0.28033947654937
"151",0.169979537440772,0.169979537440772,0.276148399692573,0.262393905541579,0.169979537440772
"152",0,0,0.276148399692573,0.262393905541579,0
"153",0.46479482712697,0.46479482712697,0.276148399692573,0.262393905541579,0.46479482712697
"154",0.200267056476753,0.200267056476753,0.276148399692573,0.262393905541579,0.232380975029085
"155",0.169804719615778,0.169804719615778,0.276148399692573,0.262393905541579,0.232380975029085
"156",0.727204166792517,0.727204166792517,0.276148399692573,0.262393905541579,0.232380975029085
"157",0.207521972068858,0.207521972068858,0.276148399692573,0.262393905541579,0.232380975029085
"158",0.394209428815084,0.394209428815084,0.276148399692573,0.262393905541579,0.232380975029085
"159",0.125441240704878,0.125441240704878,0.276148399692573,0.262393905541579,0.232380975029085
"160",0.244684534588089,0.244684534588089,0.276148399692573,0.262393905541579,0.232380975029085
"161",0.225473133958559,0.225473133958559,0.276148399692573,0.262393905541579,0.225473133958559
"162",0.225473133958559,0.225473133958559,0.276148399692573,0.262393905541579,0.225473133958559
"163",0.225473133958559,0.225473133958559,0.276148399692573,0.262393905541579,0.225473133958559
"164",0.225473133958559,0.225473133958559,0.276148399692573,0.262393905541579,0.225473133958559
"165",0.331591423131466,0.331591423131466,0.276148399692573,0.262393905541579,0.331591423131466
"166",0.325251748330939,0.325251748330939,0.276148399692573,0.284544164496379,0.325251748330939
"167",0.179276435890476,0.179276435890476,0.276148399692573,0.284544164496379,0.179276435890476
"168",0.278914214862728,0.278914214862728,0.276148399692573,0.284544164496379,0.278914214862728
"169",0.257533525115588,0.257533525115588,0.276148399692573,0.284544164496379,0.257533525115588
"170",0.284499154826738,0.284499154826738,0.276148399692573,0.284544164496379,0.284499154826738
"171",0.2838633481496,0.2838633481496,0.276148399692573,0.284544164496379,0.2838633481496
"172",0.321218843360286,0.321218843360286,0.276148399692573,0.284544164496379,0.321218843360286
"173",0.290042848305509,0.290042848305509,0.276148399692573,0.284544164496379,0.290042848305509
"174",0.266235860382136,0.266235860382136,0.276148399692573,0.284544164496379,0.266235860382136
"175",0.210606943679778,0.210606943679778,0.276148399692573,0.210606943679778,0.210606943679778
"176",0.290432345267459,0.290432345267459,0.287946829047786,0.290432345267459,0.290432345267459
"177",0.206421001771566,0.206421001771566,0.287946829047786,0.209457648135485,0.206421001771566
"178",0.210123025667134,0.210123025667134,0.287946829047786,0.209457648135485,0.210123025667134
"179",0.323767152708804,0.323767152708804,0.287946829047786,0.286569922527319,0.323767152708804
"180",0.258876878850348,0.258876878850348,0.287946829047786,0.286569922527319,0.282436909588532
"181",0.258876878850348,0.258876878850348,0.287946829047786,0.286569922527319,0.282436909588532
"182",0.258876878850348,0.258876878850348,0.287946829047786,0.286569922527319,0.282436909588532
"183",0.258876878850348,0.258876878850348,0.287946829047786,0.286569922527319,0.282436909588532
"184",0.258876878850348,0.258876878850348,0.287946829047786,0.286569922527319,0.282436909588532
"185",0.258876878850348,0.258876878850348,0.287946829047786,0.286569922527319,0.282436909588532
"186",0.288710057733347,0.288710057733347,0.287946829047786,0.286569922527319,0.282436909588532
"187",0.302145670513589,0.302145670513589,0.298376590221832,0.388331825068944,0.372994798729587
"188",0.40884327679422,0.40884327679422,0.298376590221832,0.388331825068944,0.372994798729587
"189",0.452719725741173,0.452719725741173,0.298376590221832,0.388331825068944,0.452719725741173
"190",0.230476083323118,0.230476083323118,0.298376590221832,0.229589816002386,0.230476083323118
"191",0.219887947283631,0.219887947283631,0.298376590221832,0.229589816002386,0.219887947283631
"192",0.341031694720106,0.341031694720106,0.298376590221832,0.31913065474722,0.341031694720106
"193",0.29710002915064,0.29710002915064,0.298376590221832,0.31913065474722,0.29710002915064
"194",0.29710002915064,0.29710002915064,0.298376590221832,0.31913065474722,0.29710002915064
"195",0.29710002915064,0.29710002915064,0.298376590221832,0.31913065474722,0.29710002915064
"196",0.403841951001718,0.403841951001718,0.298376590221832,0.298268721470501,0.403841951001718
"197",0.324434162838817,0.324434162838817,0.298376590221832,0.298268721470501,0.324434162838817
"198",0.336738643131966,0.336738643131966,0.298376590221832,0.298268721470501,0.336738643131966
"199",0.23462238377138,0.23462238377138,0.298376590221832,0.298268721470501,0.180205637692232
"200",0.23462238377138,0.23462238377138,0.298376590221832,0.298268721470501,0.180205637692232
"201",0.15272440930217,0.15272440930217,0.298376590221832,0.298268721470501,0.180205637692232
"202",0.27582489206839,0.27582489206839,0.242450358943499,0.276355239652972,0.276355239652972
"203",0.280400811939271,0.280400811939271,0.242450358943499,0.276355239652972,0.276355239652972
"204",0.280400811939271,0.280400811939271,0.242450358943499,0.276355239652972,0.276355239652972
"205",0.244760280322613,0.244760280322613,0.242450358943499,0.244760280322613,0.244760280322613
"206",0.240190523606155,0.240190523606155,0.242450358943499,0.217055049405405,0.240190523606155
"207",0.21628246437195,0.21628246437195,0.242450358943499,0.217055049405405,0.213573602333344
"208",0.208334388504974,0.208334388504974,0.242450358943499,0.217055049405405,0.213573602333344
"209",0.21415655095697,0.21415655095697,0.242450358943499,0.217055049405405,0.21415655095697
"210",0.215189907473942,0.215189907473942,0.242450358943499,0.217055049405405,0.215189907473942
"211",0.237039280908492,0.237039280908492,0.242450358943499,0.230529245041802,0.237039280908492
"212",0.280708414669142,0.280708414669142,0.242450358943499,0.230529245041802,0.280708414669142
"213",0.138779935452937,0.138779935452937,0.242450358943499,0.230529245041802,0.138779935452937
"214",0.313109886447563,0.313109886447563,0.285453354687377,0.275208406221042,0.275208406221042
"215",0.227994691620432,0.227994691620432,0.285453354687377,0.275208406221042,0.275208406221042
"216",0.318038534386721,0.318038534386721,0.285453354687377,0.309218690821389,0.309754072751342
"217",0.298630934362335,0.298630934362335,0.285453354687377,0.309218690821389,0.309754072751342
"218",0.267584605630001,0.267584605630001,0.285453354687377,0.309218690821389,0.267584605630001
"219",0.239574799310811,0.239574799310811,0.285453354687377,0.239574799310811,0.239574799310811
"220",0.320877018758991,0.320877018758991,0.266295173127641,0.297317618640616,0.320877018758991
"221",0.28022112063376,0.28022112063376,0.266295173127641,0.297317618640616,0.28022112063376
"222",0.254491169591739,0.254491169591739,0.266295173127641,0.233370405734626,0.254491169591739
"223",0.231506538443312,0.231506538443312,0.266295173127641,0.233370405734626,0.231506538443312
"224",0.3285040532961,0.3285040532961,0.266295173127641,0.23910131011993,0.3285040532961
"225",0.3285040532961,0.3285040532961,0.266295173127641,0.23910131011993,0.3285040532961
"226",0.223209532786083,0.223209532786083,0.266295173127641,0.23910131011993,0.223209532786083
"227",0.216366848134253,0.216366848134253,0.266295173127641,0.23910131011993,0.216366848134253
"228",0.257848234599682,0.257848234599682,0.266295173127641,0.257848234599682,0.257848234599682
"229",0.257848234599682,0.257848234599682,0.266295173127641,0.257848234599682,0.257848234599682
"230",0.322863381674807,0.322863381674807,0.266295173127641,0.289335905935504,0.293044082475547
"231",0.287918465964902,0.287918465964902,0.266295173127641,0.289335905935504,0.293044082475547
"232",0.280108892977145,0.280108892977145,0.266295173127641,0.289335905935504,0.280108892977145
"233",0.338611754095056,0.338611754095056,0.266295173127641,0.338611754095056,0.338611754095056
"234",0.159171888677887,0.159171888677887,0.266295173127641,0.159171888677887,0.159171888677887
"235",0.26325456930101,0.26325456930101,0.266295173127641,0.26846444993986,0.26325456930101
"236",0.300205649859726,0.300205649859726,0.266295173127641,0.26846444993986,0.300205649859726
"237",0.186935593947763,0.186935593947763,0.266295173127641,0.26846444993986,0.186935593947763
"238",0.237233489340606,0.237233489340606,0.266295173127641,0.26846444993986,0.237233489340606
"239",0.339263347287204,0.339263347287204,0.292378071565488,0.339263347287204,0.339263347287204
"240",0.339263347287204,0.339263347287204,0.292378071565488,0.339263347287204,0.339263347287204
"241",0.258743609978219,0.258743609978219,0.292378071565488,0.269536587136251,0.258743609978219
"242",0.294257962419298,0.294257962419298,0.292378071565488,0.269536587136251,0.28569668564276
"243",0.271634409230155,0.271634409230155,0.292378071565488,0.269536587136251,0.28569668564276
"244",0.283491042441917,0.283491042441917,0.292378071565488,0.269536587136251,0.283491042441917
"245",0.356452382254759,0.356452382254759,0.292378071565488,0.332675092864973,0.356452382254759
"246",0.322459302659377,0.322459302659377,0.292378071565488,0.332675092864973,0.322459302659377
"247",0.371153271770875,0.371153271770875,0.292378071565488,0.332675092864973,0.371153271770875
"248",0.411877545631601,0.411877545631601,0.292378071565488,0.332675092864973,0.411877545631601
"249",0.303534114212505,0.303534114212505,0.292378071565488,0.332675092864973,0.303534114212505
"250",0.352011086061232,0.352011086061232,0.292378071565488,0.352011086061232,0.352011086061232
"251",0.222918514737738,0.222918514737738,0.292378071565488,0.311258723541792,0.222918514737738
"252",0.332198317617484,0.332198317617484,0.292378071565488,0.311258723541792,0.332198317617484
"253",0.375227559598459,0.375227559598459,0.292378071565488,0.311258723541792,0.375227559598459
"254",0.306120081804825,0.306120081804825,0.292378071565488,0.311258723541792,0.306120081804825
"255",0.330531859469652,0.330531859469652,0.292378071565488,0.311258723541792,0.330531859469652
"256",0.360544796493526,0.360544796493526,0.310140250136398,0.360544796493526,0.360544796493526
"257",0.307147040590784,0.307147040590784,0.310140250136398,0.343777804483154,0.307147040590784
"258",0.372300379311609,0.372300379311609,0.310140250136398,0.343777804483154,0.372300379311609
"259",0.312054569321133,0.312054569321133,0.310140250136398,0.323978414281955,0.312054569321133
"260",0.344434801391976,0.344434801391976,0.310140250136398,0.323978414281955,0.344434801391976
"261",0.324312593361467,0.324312593361467,0.310140250136398,0.323978414281955,0.324312593361467
"262",0.435621012477163,0.435621012477163,0.310140250136398,0.323978414281955,0.435621012477163
"263",0.373590192252658,0.373590192252658,0.310140250136398,0.323978414281955,0.373590192252658
"264",0.226639152514577,0.226639152514577,0.310140250136398,0.323978414281955,0.226639152514577
"265",0.282194595663177,0.282194595663177,0.310140250136398,0.323978414281955,0.282194595663177
"266",0.423583046350768,0.423583046350768,0.310140250136398,0.295404636489412,0.423583046350768
"267",0.321314156526324,0.321314156526324,0.310140250136398,0.295404636489412,0.321314156526324
"268",0.34722513757717,0.34722513757717,0.310140250136398,0.295404636489412,0.34722513757717
"269",0.288009955134247,0.288009955134247,0.310140250136398,0.295404636489412,0.288009955134247
"270",0.378316685972969,0.378316685972969,0.310140250136398,0.295404636489412,0.378316685972969
"271",0.274466044940297,0.274466044940297,0.310140250136398,0.295404636489412,0.274466044940297
"272",0.261249883420083,0.261249883420083,0.310140250136398,0.295404636489412,0.261249883420083
"273",0.334842623130792,0.334842623130792,0.310140250136398,0.295404636489412,0.334842623130792
"274",0.326311167202535,0.326311167202535,0.310140250136398,0.295404636489412,0.326311167202535
"275",0.376136041812197,0.376136041812197,0.310140250136398,0.295404636489412,0.376136041812197
"276",0.364252011413237,0.364252011413237,0.310140250136398,0.295404636489412,0.364252011413237
"277",0.323066391205429,0.323066391205429,0.310140250136398,0.295404636489412,0.323066391205429
"278",0.389542286499421,0.389542286499421,0.310140250136398,0.295404636489412,0.389542286499421
"279",0.289138613576025,0.289138613576025,0.310140250136398,0.295404636489412,0.289138613576025
"280",0.278109069147454,0.278109069147454,0.310140250136398,0.295404636489412,0.278109069147454
"281",0.342925250772723,0.342925250772723,0.310140250136398,0.301023465156938,0.342925250772723
"282",0.277371618136668,0.277371618136668,0.310140250136398,0.301023465156938,0.277371618136668
"283",0.308593736641888,0.308593736641888,0.310140250136398,0.301023465156938,0.308593736641888
"284",0.312469677766452,0.312469677766452,0.310140250136398,0.301023465156938,0.312469677766452
"285",0.358240303484005,0.358240303484005,0.310140250136398,0.301023465156938,0.328458439072968
"286",0.291478723707145,0.291478723707145,0.310140250136398,0.301023465156938,0.328458439072968
"287",0.35816129251793,0.35816129251793,0.310140250136398,0.301023465156938,0.328458439072968
"288",0.328707722293464,0.328707722293464,0.310140250136398,0.301023465156938,0.328707722293464
"289",0.322309437562536,0.322309437562536,0.310140250136398,0.301023465156938,0.322309437562536
"290",0.294089881596576,0.294089881596576,0.310140250136398,0.301023465156938,0.294089881596576
"291",0.304391940720089,0.304391940720089,0.310140250136398,0.301023465156938,0.304391940720089
"292",0.336501969425713,0.336501969425713,0.310140250136398,0.336501969425713,0.336501969425713
"293",0.385323320337036,0.385323320337036,0.310140250136398,0.311273727291761,0.385323320337036
"294",0.325186670179131,0.325186670179131,0.310140250136398,0.311273727291761,0.321021827632265
"295",0.306910935109468,0.306910935109468,0.310140250136398,0.311273727291761,0.321021827632265
"296",0.32371468882668,0.32371468882668,0.310140250136398,0.311273727291761,0.32371468882668
"297",0.30750890290356,0.30750890290356,0.310140250136398,0.311273727291761,0.30750890290356
"298",0.300686582829109,0.300686582829109,0.310140250136398,0.311273727291761,0.300686582829109
"299",0.285284778738495,0.285284778738495,0.310140250136398,0.311273727291761,0.285284778738495
"300",0.299814165305068,0.299814165305068,0.310140250136398,0.311273727291761,0.299814165305068
"301",0.234135188651553,0.234135188651553,0.310140250136398,0.311273727291761,0.234135188651553
"302",0.313499514970968,0.313499514970968,0.310140250136398,0.311273727291761,0.313499514970968
"303",0.186333022625819,0.186333022625819,0.183035343939682,0.186333022625819,0.186333022625819
"304",0.254800937036514,0.254800937036514,0.183035343939682,0.177531093331065,0.254800937036514
"305",0.202012040931194,0.202012040931194,0.183035343939682,0.177531093331065,0.202012040931194
"306",0.172972734787157,0.172972734787157,0.183035343939682,0.177531093331065,0.172972734787157
"307",0.200007195897337,0.200007195897337,0.183035343939682,0.200007195897337,0.200007195897337
"308",0.194371636926395,0.194371636926395,0.183035343939682,0.241543874195452,0.194371636926395
"309",0.256106977071804,0.256106977071804,0.183035343939682,0.241543874195452,0.256106977071804
"310",0.293540688619514,0.293540688619514,0.26508009528942,0.293540688619514,0.293540688619514
"311",0.133006298053331,0.133006298053331,0.26508009528942,0.262788141620567,0.133006298053331
"312",0.22338241096803,0.22338241096803,0.26508009528942,0.262788141620567,0.22338241096803
"313",0.291825969317317,0.291825969317317,0.26508009528942,0.262788141620567,0.291825969317317
"314",0.264493286536774,0.264493286536774,0.26508009528942,0.262788141620567,0.264493286536774
"315",0.225544658542895,0.225544658542895,0.26508009528942,0.262788141620567,0.225544658542895
"316",0.264946424146547,0.264946424146547,0.26508009528942,0.262788141620567,0.264946424146547
"317",0.164509836749122,0.164509836749122,0.26508009528942,0.262788141620567,0.206822719822586
"318",0.210020488870837,0.210020488870837,0.26508009528942,0.262788141620567,0.206822719822586
"319",0.258779432862463,0.258779432862463,0.26508009528942,0.262788141620567,0.258779432862463
"320",0.273438986331376,0.273438986331376,0.26508009528942,0.262788141620567,0.273438986331376
"321",0.26065614069338,0.26065614069338,0.26508009528942,0.262788141620567,0.26065614069338
"322",0.284842210425589,0.284842210425589,0.26508009528942,0.262788141620567,0.284842210425589
"323",0.23930791206433,0.23930791206433,0.26508009528942,0.262788141620567,0.23930791206433
"324",0.285792653940603,0.285792653940603,0.26508009528942,0.262788141620567,0.285792653940603
"325",0.25107075908544,0.25107075908544,0.26508009528942,0.262788141620567,0.25107075908544
"326",0.249606978073849,0.249606978073849,0.26508009528942,0.262788141620567,0.249606978073849
"327",0.266449060159311,0.266449060159311,0.26508009528942,0.262788141620567,0.266449060159311
"328",0.248692155352604,0.248692155352604,0.26508009528942,0.262788141620567,0.248692155352604
"329",0.269981971240729,0.269981971240729,0.26508009528942,0.269981971240729,0.269981971240729
"330",0.33962755321732,0.33962755321732,0.26508009528942,0.274440963404375,0.33962755321732
"331",0.359515046652014,0.359515046652014,0.26508009528942,0.274440963404375,0.359515046652014
"332",0.275074177855615,0.275074177855615,0.26508009528942,0.274440963404375,0.275074177855615
"333",0.261634804687341,0.261634804687341,0.26508009528942,0.274440963404375,0.261634804687341
"334",0.243235541812087,0.243235541812087,0.26508009528942,0.274440963404375,0.243235541812087
"335",0.307510691893355,0.307510691893355,0.26508009528942,0.274440963404375,0.307510691893355
"336",0.255549922524056,0.255549922524056,0.26508009528942,0.274440963404375,0.255549922524056
"337",0.220777772284984,0.220777772284984,0.26508009528942,0.2855279744897,0.220777772284984
"338",0.282621322124751,0.282621322124751,0.26508009528942,0.2855279744897,0.282621322124751
"339",0.191230641795494,0.191230641795494,0.26508009528942,0.2855279744897,0.191230641795494
"340",0.316856447354342,0.316856447354342,0.26508009528942,0.2855279744897,0.316856447354342
"341",0.297561216642567,0.297561216642567,0.26508009528942,0.2855279744897,0.297561216642567
"342",0.347239474777365,0.347239474777365,0.329259883224219,0.347239474777365,0.347239474777365
"343",0.366662329746754,0.366662329746754,0.329259883224219,0.357665515717533,0.366662329746754
"344",0.388904087748587,0.388904087748587,0.329259883224219,0.357665515717533,0.388904087748587
"345",0.205892615499596,0.205892615499596,0.329259883224219,0.357665515717533,0.325021926397321
"346",0.426481388501585,0.426481388501585,0.329259883224219,0.357665515717533,0.325021926397321
"347",0.302723217880388,0.302723217880388,0.329259883224219,0.357665515717533,0.325021926397321
"348",0.274180770529848,0.274180770529848,0.329259883224219,0.357665515717533,0.325021926397321
"349",0.308851474290505,0.308851474290505,0.329259883224219,0.357665515717533,0.325021926397321
"350",0.328199714464813,0.328199714464813,0.329259883224219,0.357665515717533,0.325021926397321
"351",0.303455057077245,0.303455057077245,0.329259883224219,0.337564314855304,0.303455057077245
"352",0.338800552686375,0.338800552686375,0.329259883224219,0.337564314855304,0.353562405834921
"353",0.161612042688313,0.161612042688313,0.329259883224219,0.337564314855304,0.353562405834921
"354",0.359985849980579,0.359985849980579,0.329259883224219,0.337564314855304,0.353562405834921
"355",0.355781484973295,0.355781484973295,0.329259883224219,0.337564314855304,0.355781484973295
"356",0.334239576837904,0.334239576837904,0.329259883224219,0.337564314855304,0.334239576837904
"357",0.300133231133796,0.300133231133796,0.329259883224219,0.337564314855304,0.300133231133796
"358",0.214160380228862,0.214160380228862,0.329259883224219,0.337564314855304,0.214160380228862
"359",0.224354349675371,0.224354349675371,0.329259883224219,0.312237251584416,0.224354349675371
"360",0.30955489186303,0.30955489186303,0.329259883224219,0.312237251584416,0.30955489186303
"361",0.402796936449223,0.402796936449223,0.329259883224219,0.312237251584416,0.402796936449223
"362",0.348088768008972,0.348088768008972,0.329259883224219,0.312237251584416,0.325609527256453
"363",0.312655239919506,0.312655239919506,0.329259883224219,0.312237251584416,0.312655239919506
"364",0.325677907934109,0.325677907934109,0.329259883224219,0.312237251584416,0.325609527256453
"365",0.25297169246895,0.25297169246895,0.329259883224219,0.312237251584416,0.325609527256453
"366",0.216906206164566,0.216906206164566,0.329259883224219,0.312237251584416,0.30565512628458
"367",0.347769885664665,0.347769885664665,0.329259883224219,0.312237251584416,0.30565512628458
"368",0.376708326205012,0.376708326205012,0.329259883224219,0.312237251584416,0.376708326205012
"369",0.269817140987488,0.269817140987488,0.329259883224219,0.312237251584416,0.294785308502897
"370",0.431511390777367,0.431511390777367,0.329259883224219,0.312237251584416,0.294785308502897
"371",0.257956864388356,0.257956864388356,0.329259883224219,0.312237251584416,0.294785308502897
"372",0.313514915350692,0.313514915350692,0.329259883224219,0.312237251584416,0.294785308502897
"373",0.289968364304087,0.289968364304087,0.329259883224219,0.312237251584416,0.294785308502897
"374",0.360701471128131,0.360701471128131,0.31250297745296,0.360701471128131,0.360701471128131
"375",0.455543237659688,0.455543237659688,0.31250297745296,0.315898694119535,0.455543237659688
"376",0.407718969578836,0.407718969578836,0.31250297745296,0.315898694119535,0.407718969578836
"377",0.408662776311173,0.408662776311173,0.31250297745296,0.315898694119535,0.408662776311173
"378",0.455638116269422,0.455638116269422,0.31250297745296,0.315898694119535,0.455638116269422
"379",0.297674144633736,0.297674144633736,0.31250297745296,0.315898694119535,0.297674144633736
"380",0.27797258433309,0.27797258433309,0.31250297745296,0.278127636884304,0.27797258433309
"381",0.26856670905635,0.26856670905635,0.31250297745296,0.278127636884304,0.26856670905635
"382",0.205743844735813,0.205743844735813,0.31250297745296,0.278127636884304,0.299877909741359
"383",0.300570246880391,0.300570246880391,0.31250297745296,0.278127636884304,0.299877909741359
"384",0.350787295232904,0.350787295232904,0.31250297745296,0.278127636884304,0.299877909741359
"385",0.231903780246232,0.231903780246232,0.31250297745296,0.305108823330704,0.231903780246232
"386",0.315821952992547,0.315821952992547,0.31250297745296,0.305108823330704,0.379175433939294
"387",0.513846359343312,0.513846359343312,0.31250297745296,0.305108823330704,0.379175433939294
"388",0.383535761433856,0.383535761433856,0.31250297745296,0.305108823330704,0.379175433939294
"389",0.284425581491325,0.284425581491325,0.31250297745296,0.305108823330704,0.284425581491325
"390",0.347029635500684,0.347029635500684,0.31250297745296,0.305108823330704,0.347029635500684
"391",0.39338706388914,0.39338706388914,0.31250297745296,0.305108823330704,0.39338706388914
"392",0.331207026405461,0.331207026405461,0.31250297745296,0.305108823330704,0.331207026405461
"393",0.388537894202346,0.388537894202346,0.31250297745296,0.305108823330704,0.388537894202346
"394",0.272691231375723,0.272691231375723,0.31250297745296,0.305108823330704,0.272691231375723
"395",0.329605253966668,0.329605253966668,0.31250297745296,0.305108823330704,0.329605253966668
"396",0.334800686732979,0.334800686732979,0.31250297745296,0.334800686732979,0.334800686732979
"397",0.334800686732979,0.334800686732979,0.31250297745296,0.334800686732979,0.334800686732979
"398",0.334800686732979,0.334800686732979,0.31250297745296,0.334800686732979,0.334800686732979
"399",0.336282587383835,0.336282587383835,0.31250297745296,0.322949406980098,0.336282587383835
"400",0.279885682717049,0.279885682717049,0.31250297745296,0.322949406980098,0.279885682717049
"401",0.321227191386846,0.321227191386846,0.31250297745296,0.322949406980098,0.321227191386846
"402",0.376338911603622,0.376338911603622,0.31250297745296,0.322949406980098,0.376338911603622
"403",0.307917084316264,0.307917084316264,0.31250297745296,0.322949406980098,0.307917084316264
"404",0.309979925430874,0.309979925430874,0.31250297745296,0.322949406980098,0.372170585959838
"405",0.42430736102569,0.42430736102569,0.31250297745296,0.322949406980098,0.372170585959838
"406",0.379166771625504,0.379166771625504,0.31250297745296,0.322949406980098,0.372170585959838
"407",0.35663600294217,0.35663600294217,0.31250297745296,0.322949406980098,0.304510287716813
"408",0.253064477907323,0.253064477907323,0.31250297745296,0.322949406980098,0.304510287716813
"409",0.34714034014412,0.34714034014412,0.31250297745296,0.312671225007726,0.34714034014412
"410",0.213173017607449,0.213173017607449,0.31250297745296,0.312671225007726,0.213173017607449
"411",0.273449643057385,0.273449643057385,0.31250297745296,0.312671225007726,0.296169120741548
"412",0.332133988119844,0.332133988119844,0.31250297745296,0.312671225007726,0.296169120741548
"413",0.327997246049853,0.327997246049853,0.31250297745296,0.312671225007726,0.327997246049853
"414",0.195043108973151,0.195043108973151,0.31250297745296,0.334081658960116,0.195043108973151
"415",0.397323274137281,0.397323274137281,0.31250297745296,0.334081658960116,0.397323274137281
"416",0.308111805284191,0.308111805284191,0.31250297745296,0.334081658960116,0.308111805284191
"417",0.269740180922878,0.269740180922878,0.31250297745296,0.334081658960116,0.269740180922878
"418",0.358046913295876,0.358046913295876,0.31250297745296,0.311573233165972,0.358046913295876
"419",0.319673448068124,0.319673448068124,0.31250297745296,0.311573233165972,0.319673448068124
"420",0.36066102228145,0.36066102228145,0.31250297745296,0.311573233165972,0.36066102228145
"421",0.326216653578605,0.326216653578605,0.31250297745296,0.311573233165972,0.326216653578605
"422",0.266623719370472,0.266623719370472,0.31250297745296,0.311573233165972,0.266623719370472
"423",0.308932511390916,0.308932511390916,0.31250297745296,0.311573233165972,0.308932511390916
"424",0.360399759610078,0.360399759610078,0.31250297745296,0.311573233165972,0.360399759610078
"425",0.323193109899563,0.323193109899563,0.31250297745296,0.311573233165972,0.323193109899563
"426",0.302112632682206,0.302112632682206,0.31250297745296,0.311573233165972,0.302112632682206
"427",0.301169572866391,0.301169572866391,0.31250297745296,0.311573233165972,0.301169572866391
"428",0.274525611162987,0.274525611162987,0.31250297745296,0.311573233165972,0.274525611162987
"429",0.389054049873668,0.389054049873668,0.31250297745296,0.311573233165972,0.31200281984051
"430",0.157406685743114,0.157406685743114,0.31250297745296,0.311573233165972,0.31200281984051
"431",0.315585816111951,0.315585816111951,0.31250297745296,0.311573233165972,0.31200281984051
"432",0.280250357169761,0.280250357169761,0.31250297745296,0.311573233165972,0.31200281984051
"433",0.326206731454878,0.326206731454878,0.31250297745296,0.311573233165972,0.31200281984051
"434",0.327848719861183,0.327848719861183,0.31250297745296,0.311573233165972,0.31200281984051
"435",0.311773189742189,0.311773189742189,0.31250297745296,0.311573233165972,0.31200281984051
"436",0.272591534649471,0.272591534649471,0.281450946048975,0.272591534649471,0.272591534649471
"437",0.371318614530355,0.371318614530355,0.281450946048975,0.337828931752017,0.371318614530355
"438",0.235323912722475,0.235323912722475,0.281450946048975,0.337828931752017,0.235323912722475
"439",0.329472635157633,0.329472635157633,0.281450946048975,0.337828931752017,0.329472635157633
"440",0.215892774524407,0.215892774524407,0.281450946048975,0.269131813697,0.215892774524407
"441",0.215892774524407,0.215892774524407,0.281450946048975,0.269131813697,0.215892774524407
"442",0.271689147826256,0.271689147826256,0.281450946048975,0.269131813697,0.271689147826256
"443",0.311104888019768,0.311104888019768,0.281450946048975,0.269131813697,0.311104888019768
"444",0.37199899355447,0.37199899355447,0.281450946048975,0.329856865550306,0.37199899355447
"445",0.292953737314471,0.292953737314471,0.281450946048975,0.329856865550306,0.292953737314471
"446",0.393749363950537,0.393749363950537,0.281450946048975,0.329856865550306,0.393749363950537
"447",0.257914371992015,0.257914371992015,0.281450946048975,0.239319721960953,0.257914371992015
"448",0.219338339811516,0.219338339811516,0.281450946048975,0.239319721960953,0.219338339811516
"449",0.201761492067885,0.201761492067885,0.281450946048975,0.304808094563589,0.201761492067885
"450",0.370758839931072,0.370758839931072,0.281450946048975,0.304808094563589,0.370758839931072
"451",0.285471751904294,0.285471751904294,0.281450946048975,0.304808094563589,0.285471751904294
"452",0.285471751904294,0.285471751904294,0.281450946048975,0.304808094563589,0.285471751904294
"453",0.362015426618725,0.362015426618725,0.281450946048975,0.304808094563589,0.362015426618725
"454",0.217988600780301,0.217988600780301,0.281450946048975,0.286922599445928,0.217988600780301
"455",0.204123157930999,0.204123157930999,0.281450946048975,0.286922599445928,0.204123157930999
"456",0.158553125580809,0.158553125580809,0.281450946048975,0.286922599445928,0.158553125580809
"457",0.302602725102813,0.302602725102813,0.281450946048975,0.286922599445928,0.302602725102813
"458",0.281237576138897,0.281237576138897,0.281450946048975,0.286922599445928,0.285470804206701
"459",0.293046548427094,0.293046548427094,0.281450946048975,0.286922599445928,0.285470804206701
"460",0.292367489306346,0.292367489306346,0.281450946048975,0.286922599445928,0.285470804206701
"461",0.264408884177256,0.264408884177256,0.281450946048975,0.286922599445928,0.285470804206701
"462",0.239774357213237,0.239774357213237,0.281450946048975,0.286922599445928,0.239774357213237
"463",0.324169814938314,0.324169814938314,0.281450946048975,0.286922599445928,0.324169814938314
"464",0.293594425922454,0.293594425922454,0.281450946048975,0.286922599445928,0.293594425922454
