d_u,gamma_u,distance,otj,cyc_otj,cyc_ue,disc,timestamp,model_cat,error
0.001,0.001,4642.654217173606,True,False,False,False,2025-10-01 17:08:34,otj_nonbehav,
0.001,0.042625,1034.9605478659844,True,False,False,False,2025-10-01 17:08:34,otj_nonbehav,
0.001,0.08425,941.3027064850213,True,False,False,False,2025-10-01 17:08:34,otj_nonbehav,
0.001,0.12587500000000001,809.0773394581859,True,False,False,False,2025-10-01 17:08:34,otj_nonbehav,
0.001,0.1675,742.2492747087629,True,False,False,False,2025-10-01 17:08:34,otj_nonbehav,
0.001,0.209125,696.8543361372336,True,False,False,False,2025-10-01 17:08:34,otj_nonbehav,
0.001,0.25075000000000003,666.5533935970471,True,False,False,False,2025-10-01 17:08:34,otj_nonbehav,
0.001,0.292375,643.91530985808,True,False,False,False,2025-10-01 17:08:34,otj_nonbehav,
0.001,0.334,631.9208590401037,True,False,False,False,2025-10-01 17:08:34,otj_nonbehav,
0.001,0.37562500000000004,621.0995117816822,True,False,False,False,2025-10-01 17:08:34,otj_nonbehav,
0.001,0.41725,610.6767722454032,True,False,False,False,2025-10-01 17:08:34,otj_nonbehav,
0.001,0.45887500000000003,604.6152230316796,True,False,False,False,2025-10-01 17:08:34,otj_nonbehav,
0.001,0.5005000000000001,565.0706341741774,True,False,False,False,2025-10-01 17:08:34,otj_nonbehav,
0.001,0.5421250000000001,564.0577315056273,True,False,False,False,2025-10-01 17:08:34,otj_nonbehav,
0.001,0.58375,526.2344845811598,True,False,False,False,2025-10-01 17:08:34,otj_nonbehav,
0.001,0.625375,549.4387637044924,True,False,False,False,2025-10-01 17:08:34,otj_nonbehav,
0.001,0.667,532.4833121913131,True,False,False,False,2025-10-01 17:08:34,otj_nonbehav,
0.001,0.7086250000000001,452.2905767334092,True,False,False,False,2025-10-01 17:08:34,otj_nonbehav,
0.001,0.7502500000000001,442.75172428959075,True,False,False,False,2025-10-01 17:08:34,otj_nonbehav,
0.001,0.791875,453.1362641936475,True,False,False,False,2025-10-01 17:08:34,otj_nonbehav,
0.001,0.8335,449.70950139770736,True,False,False,False,2025-10-01 17:08:34,otj_nonbehav,
0.001,0.875125,465.3633856513503,True,False,False,False,2025-10-01 17:08:34,otj_nonbehav,
0.001,0.9167500000000001,462.7248366187371,True,False,False,False,2025-10-01 17:08:34,otj_nonbehav,
0.001,0.9583750000000001,454.5770189894725,True,False,False,False,2025-10-01 17:08:34,otj_nonbehav,
0.001,1.0,436.283100765962,True,False,False,False,2025-10-01 17:08:34,otj_nonbehav,
0.042625,0.001,1555.8036585116695,True,False,False,False,2025-10-01 17:08:34,otj_nonbehav,
0.042625,0.042625,759.9735101336577,True,False,False,False,2025-10-01 17:08:34,otj_nonbehav,
0.042625,0.08425,717.2637815933897,True,False,False,False,2025-10-01 17:08:34,otj_nonbehav,
0.042625,0.12587500000000001,582.2331764942369,True,False,False,False,2025-10-01 17:08:34,otj_nonbehav,
0.042625,0.1675,519.0167127018516,True,False,False,False,2025-10-01 17:08:34,otj_nonbehav,
0.042625,0.209125,516.346237026039,True,False,False,False,2025-10-01 17:08:34,otj_nonbehav,
0.042625,0.25075000000000003,511.63113745747967,True,False,False,False,2025-10-01 17:08:34,otj_nonbehav,
0.042625,0.292375,459.71308049698894,True,False,False,False,2025-10-01 17:08:34,otj_nonbehav,
0.042625,0.334,501.66249728712495,True,False,False,False,2025-10-01 17:08:34,otj_nonbehav,
0.042625,0.37562500000000004,444.99348883906873,True,False,False,False,2025-10-01 17:08:34,otj_nonbehav,
0.042625,0.41725,440.2719384691693,True,False,False,False,2025-10-01 17:08:34,otj_nonbehav,
0.042625,0.45887500000000003,384.4279577412852,True,False,False,False,2025-10-01 17:08:34,otj_nonbehav,
0.042625,0.5005000000000001,382.4402772660951,True,False,False,False,2025-10-01 17:08:34,otj_nonbehav,
0.042625,0.5421250000000001,407.9378463090367,True,False,False,False,2025-10-01 17:08:34,otj_nonbehav,
0.042625,0.58375,392.18625031169256,True,False,False,False,2025-10-01 17:08:34,otj_nonbehav,
0.042625,0.625375,346.32753169502973,True,False,False,False,2025-10-01 17:08:34,otj_nonbehav,
0.042625,0.667,386.0958135160659,True,False,False,False,2025-10-01 17:08:34,otj_nonbehav,
0.042625,0.7086250000000001,382.37143631538646,True,False,False,False,2025-10-01 17:08:34,otj_nonbehav,
0.042625,0.7502500000000001,345.8839076851916,True,False,False,False,2025-10-01 17:08:34,otj_nonbehav,
0.042625,0.791875,347.4454561153254,True,False,False,False,2025-10-01 17:08:34,otj_nonbehav,
0.042625,0.8335,349.8519987187906,True,False,False,False,2025-10-01 17:08:34,otj_nonbehav,
0.042625,0.875125,313.51902671131757,True,False,False,False,2025-10-01 17:08:34,otj_nonbehav,
0.042625,0.9167500000000001,292.36862190536425,True,False,False,False,2025-10-01 17:08:34,otj_nonbehav,
0.042625,0.9583750000000001,300.63700731372614,True,False,False,False,2025-10-01 17:08:34,otj_nonbehav,
0.042625,1.0,257.3193488146346,True,False,False,False,2025-10-01 17:08:34,otj_nonbehav,
0.08425,0.001,1018.9640774987951,True,False,False,False,2025-10-01 17:08:34,otj_nonbehav,
0.08425,0.042625,655.682776220347,True,False,False,False,2025-10-01 17:08:34,otj_nonbehav,
0.08425,0.08425,535.5477857827257,True,False,False,False,2025-10-01 17:08:34,otj_nonbehav,
0.08425,0.12587500000000001,452.51462029375165,True,False,False,False,2025-10-01 17:08:34,otj_nonbehav,
0.08425,0.1675,376.9485665068396,True,False,False,False,2025-10-01 17:08:34,otj_nonbehav,
0.08425,0.209125,353.3456830636844,True,False,False,False,2025-10-01 17:08:34,otj_nonbehav,
0.08425,0.25075000000000003,369.66918792103456,True,False,False,False,2025-10-01 17:08:34,otj_nonbehav,
0.08425,0.292375,301.5086047589452,True,False,False,False,2025-10-01 17:08:34,otj_nonbehav,
0.08425,0.334,313.9878621374615,True,False,False,False,2025-10-01 17:08:34,otj_nonbehav,
0.08425,0.37562500000000004,273.34882216603665,True,False,False,False,2025-10-01 17:08:34,otj_nonbehav,
0.08425,0.41725,220.4517793631543,True,False,False,False,2025-10-01 17:08:34,otj_nonbehav,
0.08425,0.45887500000000003,231.92992101526744,True,False,False,False,2025-10-01 17:08:34,otj_nonbehav,
0.08425,0.5005000000000001,247.75956240182347,True,False,False,False,2025-10-01 17:08:34,otj_nonbehav,
0.08425,0.5421250000000001,220.60276414366908,True,False,False,False,2025-10-01 17:08:34,otj_nonbehav,
0.08425,0.58375,203.73558044646796,True,False,False,False,2025-10-01 17:08:34,otj_nonbehav,
0.08425,0.625375,166.98250384152942,True,False,False,False,2025-10-01 17:08:34,otj_nonbehav,
0.08425,0.667,193.27831683765393,True,False,False,False,2025-10-01 17:08:34,otj_nonbehav,
0.08425,0.7086250000000001,193.25584262934495,True,False,False,False,2025-10-01 17:08:34,otj_nonbehav,
0.08425,0.7502500000000001,184.91355108443346,True,False,False,False,2025-10-01 17:08:34,otj_nonbehav,
0.08425,0.791875,163.30867990635244,True,False,False,False,2025-10-01 17:08:34,otj_nonbehav,
0.08425,0.8335,162.25546206840065,True,False,False,False,2025-10-01 17:08:34,otj_nonbehav,
0.08425,0.875125,186.62170845689027,True,False,False,False,2025-10-01 17:08:34,otj_nonbehav,
0.08425,0.9167500000000001,151.1907022215893,True,False,False,False,2025-10-01 17:08:34,otj_nonbehav,
0.08425,0.9583750000000001,141.43247589568122,True,False,False,False,2025-10-01 17:08:34,otj_nonbehav,
0.08425,1.0,119.26813685254837,True,False,False,False,2025-10-01 17:08:34,otj_nonbehav,
0.12587500000000001,0.001,772.2775387012761,True,False,False,False,2025-10-01 17:08:34,otj_nonbehav,
0.12587500000000001,0.042625,476.77273792460824,True,False,False,False,2025-10-01 17:08:34,otj_nonbehav,
0.12587500000000001,0.08425,320.6998459862842,True,False,False,False,2025-10-01 17:08:34,otj_nonbehav,
0.12587500000000001,0.12587500000000001,259.4936953425026,True,False,False,False,2025-10-01 17:08:34,otj_nonbehav,
0.12587500000000001,0.1675,194.40287018646,True,False,False,False,2025-10-01 17:08:34,otj_nonbehav,
0.12587500000000001,0.209125,153.4745695693978,True,False,False,False,2025-10-01 17:08:34,otj_nonbehav,
0.12587500000000001,0.25075000000000003,119.87073590553894,True,False,False,False,2025-10-01 17:08:34,otj_nonbehav,
0.12587500000000001,0.292375,116.76538536482835,True,False,False,False,2025-10-01 17:08:34,otj_nonbehav,
0.12587500000000001,0.334,104.10749567787161,True,False,False,False,2025-10-01 17:08:34,otj_nonbehav,
0.12587500000000001,0.37562500000000004,96.53741548581115,True,False,False,False,2025-10-01 17:08:34,otj_nonbehav,
0.12587500000000001,0.41725,69.50021152291671,True,False,False,False,2025-10-01 17:08:34,otj_nonbehav,
0.12587500000000001,0.45887500000000003,78.63077890999,True,False,False,False,2025-10-01 17:08:34,otj_nonbehav,
0.12587500000000001,0.5005000000000001,64.24785731528105,True,False,False,False,2025-10-01 17:08:34,otj_nonbehav,
0.12587500000000001,0.5421250000000001,44.02308934440742,True,False,False,False,2025-10-01 17:08:34,otj_nonbehav,
0.12587500000000001,0.58375,48.33026393186575,True,False,False,False,2025-10-01 17:08:34,otj_nonbehav,
0.12587500000000001,0.625375,45.4327639044739,True,False,False,False,2025-10-01 17:08:34,otj_nonbehav,
0.12587500000000001,0.667,24.48250297792512,True,False,False,False,2025-10-01 17:08:34,otj_nonbehav,
0.12587500000000001,0.7086250000000001,22.88059086039348,True,False,False,False,2025-10-01 17:08:34,otj_nonbehav,
0.12587500000000001,0.7502500000000001,20.347968613467398,True,False,False,False,2025-10-01 17:08:34,otj_nonbehav,
0.12587500000000001,0.791875,15.911000889820867,True,False,False,False,2025-10-01 17:08:34,otj_nonbehav,
0.12587500000000001,0.8335,16.98325506849618,True,False,False,False,2025-10-01 17:08:34,otj_nonbehav,
0.12587500000000001,0.875125,14.92045709723777,True,False,False,False,2025-10-01 17:08:34,otj_nonbehav,
0.12587500000000001,0.9167500000000001,18.495712389832157,True,False,False,False,2025-10-01 17:08:34,otj_nonbehav,
0.12587500000000001,0.9583750000000001,20.242235257357837,True,False,False,False,2025-10-01 17:08:34,otj_nonbehav,
0.12587500000000001,1.0,20.968487074718887,True,False,False,False,2025-10-01 17:08:34,otj_nonbehav,
0.1675,0.001,570.3753504666427,True,False,False,False,2025-10-01 17:08:34,otj_nonbehav,
0.1675,0.042625,252.68221112258297,True,False,False,False,2025-10-01 17:08:34,otj_nonbehav,
0.1675,0.08425,144.62883489893457,True,False,False,False,2025-10-01 17:08:34,otj_nonbehav,
0.1675,0.12587500000000001,60.66838072970677,True,False,False,False,2025-10-01 17:08:34,otj_nonbehav,
0.1675,0.1675,45.66783554553584,True,False,False,False,2025-10-01 17:08:34,otj_nonbehav,
0.1675,0.209125,16.33932906410275,True,False,False,False,2025-10-01 17:08:34,otj_nonbehav,
0.1675,0.25075000000000003,19.52199375425717,True,False,False,False,2025-10-01 17:08:34,otj_nonbehav,
0.1675,0.292375,43.94656786543282,True,False,False,False,2025-10-01 17:08:34,otj_nonbehav,
0.1675,0.334,48.82962138341706,True,False,False,False,2025-10-01 17:08:34,otj_nonbehav,
0.1675,0.37562500000000004,48.95440938310057,True,False,False,False,2025-10-01 17:08:34,otj_nonbehav,
0.1675,0.41725,68.8547459164309,True,False,False,False,2025-10-01 17:08:34,otj_nonbehav,
0.1675,0.45887500000000003,82.51858059674385,True,False,False,False,2025-10-01 17:08:34,otj_nonbehav,
0.1675,0.5005000000000001,131.6971808017272,True,False,False,False,2025-10-01 17:08:34,otj_nonbehav,
0.1675,0.5421250000000001,98.37540318518359,True,False,False,False,2025-10-01 17:08:34,otj_nonbehav,
0.1675,0.58375,101.6663525180546,True,False,False,False,2025-10-01 17:08:34,otj_nonbehav,
0.1675,0.625375,106.36794517832662,True,False,False,False,2025-10-01 17:08:34,otj_nonbehav,
0.1675,0.667,128.4468523914154,True,False,False,False,2025-10-01 17:08:34,otj_nonbehav,
0.1675,0.7086250000000001,147.02182965052594,True,False,False,False,2025-10-01 17:08:34,otj_nonbehav,
0.1675,0.7502500000000001,119.22278139159494,True,False,False,False,2025-10-01 17:08:34,otj_nonbehav,
0.1675,0.791875,144.39677719114601,True,False,False,False,2025-10-01 17:08:34,otj_nonbehav,
0.1675,0.8335,139.5483082121787,True,False,False,False,2025-10-01 17:08:34,otj_nonbehav,
0.1675,0.875125,151.67582000370527,True,False,False,False,2025-10-01 17:08:34,otj_nonbehav,
0.1675,0.9167500000000001,156.73959461608402,True,False,False,False,2025-10-01 17:08:34,otj_nonbehav,
0.1675,0.9583750000000001,143.5460383021828,True,False,False,False,2025-10-01 17:08:34,otj_nonbehav,
0.1675,1.0,181.44381485057627,True,False,False,False,2025-10-01 17:08:34,otj_nonbehav,
0.209125,0.001,363.2472360944239,True,False,False,False,2025-10-01 17:08:34,otj_nonbehav,
0.209125,0.042625,89.5084054837842,True,False,False,False,2025-10-01 17:08:34,otj_nonbehav,
0.209125,0.08425,21.816109512288715,True,False,False,False,2025-10-01 17:08:34,otj_nonbehav,
0.209125,0.12587500000000001,91.9033478909488,True,False,False,False,2025-10-01 17:08:34,otj_nonbehav,
0.209125,0.1675,114.21270703691347,True,False,False,False,2025-10-01 17:08:34,otj_nonbehav,
0.209125,0.209125,147.4950089054324,True,False,False,False,2025-10-01 17:08:34,otj_nonbehav,
0.209125,0.25075000000000003,137.7437646461599,True,False,False,False,2025-10-01 17:08:34,otj_nonbehav,
0.209125,0.292375,178.17321078321407,True,False,False,False,2025-10-01 17:08:34,otj_nonbehav,
0.209125,0.334,242.4700672599241,True,False,False,False,2025-10-01 17:08:34,otj_nonbehav,
0.209125,0.37562500000000004,183.19739311026188,True,False,False,False,2025-10-01 17:08:34,otj_nonbehav,
0.209125,0.41725,248.4611457383232,True,False,False,False,2025-10-01 17:08:34,otj_nonbehav,
0.209125,0.45887500000000003,216.27205963846274,True,False,False,False,2025-10-01 17:08:34,otj_nonbehav,
0.209125,0.5005000000000001,231.00044257552506,True,False,False,False,2025-10-01 17:08:34,otj_nonbehav,
0.209125,0.5421250000000001,224.12290477045394,True,False,False,False,2025-10-01 17:08:34,otj_nonbehav,
0.209125,0.58375,271.00283945024114,True,False,False,False,2025-10-01 17:08:34,otj_nonbehav,
0.209125,0.625375,304.18986831046897,True,False,False,False,2025-10-01 17:08:34,otj_nonbehav,
0.209125,0.667,423.2185529379652,True,False,False,False,2025-10-01 17:08:34,otj_nonbehav,
0.209125,0.7086250000000001,255.02846617684077,True,False,False,False,2025-10-01 17:08:34,otj_nonbehav,
0.209125,0.7502500000000001,278.33262762783835,True,False,False,False,2025-10-01 17:08:34,otj_nonbehav,
0.209125,0.791875,287.6676165556336,True,False,False,False,2025-10-01 17:08:34,otj_nonbehav,
0.209125,0.8335,275.86485221885914,True,False,False,False,2025-10-01 17:08:34,otj_nonbehav,
0.209125,0.875125,343.03335828234185,True,False,False,False,2025-10-01 17:08:34,otj_nonbehav,
0.209125,0.9167500000000001,286.6504377579422,True,False,False,False,2025-10-01 17:08:34,otj_nonbehav,
0.209125,0.9583750000000001,279.92268936145746,True,False,False,False,2025-10-01 17:08:34,otj_nonbehav,
0.209125,1.0,312.11305936491055,True,False,False,False,2025-10-01 17:08:34,otj_nonbehav,
0.25075000000000003,0.001,179.62983537116213,True,False,False,False,2025-10-01 17:08:34,otj_nonbehav,
0.25075000000000003,0.042625,46.29890159259003,True,False,False,False,2025-10-01 17:08:34,otj_nonbehav,
0.25075000000000003,0.08425,184.0549917403591,True,False,False,False,2025-10-01 17:08:34,otj_nonbehav,
0.25075000000000003,0.12587500000000001,216.40778778327095,True,False,False,False,2025-10-01 17:08:34,otj_nonbehav,
0.25075000000000003,0.1675,216.99711236474752,True,False,False,False,2025-10-01 17:08:34,otj_nonbehav,
0.25075000000000003,0.209125,304.4053443540411,True,False,False,False,2025-10-01 17:08:34,otj_nonbehav,
0.25075000000000003,0.25075000000000003,293.1092229316557,True,False,False,False,2025-10-01 17:08:34,otj_nonbehav,
0.25075000000000003,0.292375,316.3110635432387,True,False,False,False,2025-10-01 17:08:34,otj_nonbehav,
0.25075000000000003,0.334,384.596504007263,True,False,False,False,2025-10-01 17:08:34,otj_nonbehav,
0.25075000000000003,0.37562500000000004,414.5453057282668,True,False,False,False,2025-10-01 17:08:34,otj_nonbehav,
0.25075000000000003,0.41725,389.4068320217268,True,False,False,False,2025-10-01 17:08:34,otj_nonbehav,
0.25075000000000003,0.45887500000000003,374.2914950411846,True,False,False,False,2025-10-01 17:08:34,otj_nonbehav,
0.25075000000000003,0.5005000000000001,333.49714919770565,True,False,False,False,2025-10-01 17:08:34,otj_nonbehav,
0.25075000000000003,0.5421250000000001,367.17175667817264,True,False,False,False,2025-10-01 17:08:34,otj_nonbehav,
0.25075000000000003,0.58375,411.2151546976437,True,False,False,False,2025-10-01 17:08:34,otj_nonbehav,
0.25075000000000003,0.625375,441.5339464787005,True,False,False,False,2025-10-01 17:08:34,otj_nonbehav,
0.25075000000000003,0.667,353.3235866766551,True,False,False,False,2025-10-01 17:08:34,otj_nonbehav,
0.25075000000000003,0.7086250000000001,442.51263591840615,True,False,False,False,2025-10-01 17:08:34,otj_nonbehav,
0.25075000000000003,0.7502500000000001,401.34500961981905,True,False,False,False,2025-10-01 17:08:34,otj_nonbehav,
0.25075000000000003,0.791875,431.94484292383976,True,False,False,False,2025-10-01 17:08:34,otj_nonbehav,
0.25075000000000003,0.8335,360.55413405760834,True,False,False,False,2025-10-01 17:08:34,otj_nonbehav,
0.25075000000000003,0.875125,583.1673003846998,True,False,False,False,2025-10-01 17:08:34,otj_nonbehav,
0.25075000000000003,0.9167500000000001,361.22397632256803,True,False,False,False,2025-10-01 17:08:34,otj_nonbehav,
0.25075000000000003,0.9583750000000001,487.83289889714985,True,False,False,False,2025-10-01 17:08:34,otj_nonbehav,
0.25075000000000003,1.0,390.04680373854234,True,False,False,False,2025-10-01 17:08:34,otj_nonbehav,
0.292375,0.001,59.819514235332235,True,False,False,False,2025-10-01 17:08:34,otj_nonbehav,
0.292375,0.042625,139.33138525452296,True,False,False,False,2025-10-01 17:08:34,otj_nonbehav,
0.292375,0.08425,275.6385888457704,True,False,False,False,2025-10-01 17:08:34,otj_nonbehav,
0.292375,0.12587500000000001,262.84321084352416,True,False,False,False,2025-10-01 17:08:34,otj_nonbehav,
0.292375,0.1675,363.0628600519935,True,False,False,False,2025-10-01 17:08:34,otj_nonbehav,
0.292375,0.209125,582.2011070330116,True,False,False,False,2025-10-01 17:08:34,otj_nonbehav,
0.292375,0.25075000000000003,555.8666906704165,True,False,False,False,2025-10-01 17:08:34,otj_nonbehav,
0.292375,0.292375,647.7190970667957,True,False,False,False,2025-10-01 17:08:34,otj_nonbehav,
0.292375,0.334,595.3524391858186,True,False,False,False,2025-10-01 17:08:34,otj_nonbehav,
0.292375,0.37562500000000004,484.1743394699314,True,False,False,False,2025-10-01 17:08:34,otj_nonbehav,
0.292375,0.41725,647.9160293189057,True,False,False,False,2025-10-01 17:08:34,otj_nonbehav,
0.292375,0.45887500000000003,472.6532462918363,True,False,False,False,2025-10-01 17:08:34,otj_nonbehav,
0.292375,0.5005000000000001,586.75224762532,True,False,False,False,2025-10-01 17:08:34,otj_nonbehav,
0.292375,0.5421250000000001,508.27703898367355,True,False,False,False,2025-10-01 17:08:34,otj_nonbehav,
0.292375,0.58375,512.0783118561855,True,False,False,False,2025-10-01 17:08:34,otj_nonbehav,
0.292375,0.625375,623.914443843186,True,False,False,False,2025-10-01 17:08:34,otj_nonbehav,
0.292375,0.667,498.7168345688398,True,False,False,False,2025-10-01 17:08:34,otj_nonbehav,
0.292375,0.7086250000000001,564.3428561318138,True,False,False,False,2025-10-01 17:08:34,otj_nonbehav,
0.292375,0.7502500000000001,578.1249304613017,True,False,False,False,2025-10-01 17:08:34,otj_nonbehav,
0.292375,0.791875,654.9078436976035,True,False,False,False,2025-10-01 17:08:34,otj_nonbehav,
0.292375,0.8335,665.6647484419395,True,False,False,False,2025-10-01 17:08:34,otj_nonbehav,
0.292375,0.875125,667.8066787375525,True,False,False,False,2025-10-01 17:08:34,otj_nonbehav,
0.292375,0.9167500000000001,561.4556708213872,True,False,False,False,2025-10-01 17:08:34,otj_nonbehav,
0.292375,0.9583750000000001,682.692316392618,True,False,False,False,2025-10-01 17:08:34,otj_nonbehav,
0.292375,1.0,702.4890782216161,True,False,False,False,2025-10-01 17:08:34,otj_nonbehav,
0.334,0.001,63.07523311464503,True,False,False,False,2025-10-01 17:08:34,otj_nonbehav,
0.334,0.042625,304.51751684589175,True,False,False,False,2025-10-01 17:08:34,otj_nonbehav,
0.334,0.08425,335.73704253476853,True,False,False,False,2025-10-01 17:08:34,otj_nonbehav,
0.334,0.12587500000000001,467.7021180782074,True,False,False,False,2025-10-01 17:08:34,otj_nonbehav,
0.334,0.1675,380.0723095583699,True,False,False,False,2025-10-01 17:08:34,otj_nonbehav,
0.334,0.209125,518.0819746857197,True,False,False,False,2025-10-01 17:08:34,otj_nonbehav,
0.334,0.25075000000000003,725.5110840418745,True,False,False,False,2025-10-01 17:08:34,otj_nonbehav,
0.334,0.292375,532.3976836128743,True,False,False,False,2025-10-01 17:08:34,otj_nonbehav,
0.334,0.334,654.9622381050522,True,False,False,False,2025-10-01 17:08:34,otj_nonbehav,
0.334,0.37562500000000004,711.1227727047536,True,False,False,False,2025-10-01 17:08:34,otj_nonbehav,
0.334,0.41725,647.4272495150764,True,False,False,False,2025-10-01 17:08:34,otj_nonbehav,
0.334,0.45887500000000003,521.1574658964419,True,False,False,False,2025-10-01 17:08:34,otj_nonbehav,
0.334,0.5005000000000001,778.4520239358172,True,False,False,False,2025-10-01 17:08:34,otj_nonbehav,
0.334,0.5421250000000001,622.2564030745984,True,False,False,False,2025-10-01 17:08:34,otj_nonbehav,
0.334,0.58375,561.4105621234752,True,False,False,False,2025-10-01 17:08:34,otj_nonbehav,
0.334,0.625375,685.7781332582417,True,False,False,False,2025-10-01 17:08:34,otj_nonbehav,
0.334,0.667,658.2071186720761,True,False,False,False,2025-10-01 17:08:34,otj_nonbehav,
0.334,0.7086250000000001,762.816971798739,True,False,False,False,2025-10-01 17:08:34,otj_nonbehav,
0.334,0.7502500000000001,630.4548636054596,True,False,False,False,2025-10-01 17:08:34,otj_nonbehav,
0.334,0.791875,694.7964749466541,True,False,False,False,2025-10-01 17:08:34,otj_nonbehav,
0.334,0.8335,640.9425561807911,True,False,False,False,2025-10-01 17:08:34,otj_nonbehav,
0.334,0.875125,837.6669688313056,True,False,False,False,2025-10-01 17:08:34,otj_nonbehav,
0.334,0.9167500000000001,817.8185653111194,True,False,False,False,2025-10-01 17:08:34,otj_nonbehav,
0.334,0.9583750000000001,790.3537173740009,True,False,False,False,2025-10-01 17:08:34,otj_nonbehav,
0.334,1.0,662.9541501358259,True,False,False,False,2025-10-01 17:08:34,otj_nonbehav,
0.37562500000000004,0.001,87.2477135205279,True,False,False,False,2025-10-01 17:08:34,otj_nonbehav,
0.37562500000000004,0.042625,415.10597791551015,True,False,False,False,2025-10-01 17:08:34,otj_nonbehav,
0.37562500000000004,0.08425,452.3845173501504,True,False,False,False,2025-10-01 17:08:34,otj_nonbehav,
0.37562500000000004,0.12587500000000001,626.1887850503215,True,False,False,False,2025-10-01 17:08:34,otj_nonbehav,
0.37562500000000004,0.1675,714.0982774441648,True,False,False,False,2025-10-01 17:08:34,otj_nonbehav,
0.37562500000000004,0.209125,553.8867259382654,True,False,False,False,2025-10-01 17:08:34,otj_nonbehav,
0.37562500000000004,0.25075000000000003,787.675058573529,True,False,False,False,2025-10-01 17:08:34,otj_nonbehav,
0.37562500000000004,0.292375,752.7405320334763,True,False,False,False,2025-10-01 17:08:34,otj_nonbehav,
0.37562500000000004,0.334,681.143492476512,True,False,False,False,2025-10-01 17:08:34,otj_nonbehav,
0.37562500000000004,0.37562500000000004,770.987210931327,True,False,False,False,2025-10-01 17:08:34,otj_nonbehav,
0.37562500000000004,0.41725,479.63755563658884,True,False,False,False,2025-10-01 17:08:34,otj_nonbehav,
0.37562500000000004,0.45887500000000003,681.5782644942362,True,False,False,False,2025-10-01 17:08:34,otj_nonbehav,
0.37562500000000004,0.5005000000000001,716.7712791492415,True,False,False,False,2025-10-01 17:08:34,otj_nonbehav,
0.37562500000000004,0.5421250000000001,682.6493653555444,True,False,False,False,2025-10-01 17:08:34,otj_nonbehav,
0.37562500000000004,0.58375,900.00819677546,True,False,False,False,2025-10-01 17:08:34,otj_nonbehav,
0.37562500000000004,0.625375,790.3815790041344,True,False,False,False,2025-10-01 17:08:34,otj_nonbehav,
0.37562500000000004,0.667,862.2585770200486,True,False,False,False,2025-10-01 17:08:34,otj_nonbehav,
0.37562500000000004,0.7086250000000001,805.7031273766612,True,False,False,False,2025-10-01 17:08:34,otj_nonbehav,
0.37562500000000004,0.7502500000000001,745.9419015943672,True,False,False,False,2025-10-01 17:08:34,otj_nonbehav,
0.37562500000000004,0.791875,1038.4665029674795,True,False,False,False,2025-10-01 17:08:34,otj_nonbehav,
0.37562500000000004,0.8335,847.2912107872688,True,False,False,False,2025-10-01 17:08:34,otj_nonbehav,
0.37562500000000004,0.875125,751.1635350845763,True,False,False,False,2025-10-01 17:08:34,otj_nonbehav,
0.37562500000000004,0.9167500000000001,768.871409188864,True,False,False,False,2025-10-01 17:08:34,otj_nonbehav,
0.37562500000000004,0.9583750000000001,566.8444640441853,True,False,False,False,2025-10-01 17:08:34,otj_nonbehav,
0.37562500000000004,1.0,947.4487520271349,True,False,False,False,2025-10-01 17:08:34,otj_nonbehav,
0.41725,0.001,259.33659075656743,True,False,False,False,2025-10-01 17:08:34,otj_nonbehav,
0.41725,0.042625,595.2621430162518,True,False,False,False,2025-10-01 17:08:34,otj_nonbehav,
0.41725,0.08425,651.1907800669221,True,False,False,False,2025-10-01 17:08:34,otj_nonbehav,
0.41725,0.12587500000000001,700.167491391103,True,False,False,False,2025-10-01 17:08:34,otj_nonbehav,
0.41725,0.1675,672.898513096127,True,False,False,False,2025-10-01 17:08:34,otj_nonbehav,
0.41725,0.209125,660.3693655172885,True,False,False,False,2025-10-01 17:08:34,otj_nonbehav,
0.41725,0.25075000000000003,618.68686125157,True,False,False,False,2025-10-01 17:08:34,otj_nonbehav,
0.41725,0.292375,808.9986996738835,True,False,False,False,2025-10-01 17:08:34,otj_nonbehav,
0.41725,0.334,909.9466449272218,True,False,False,False,2025-10-01 17:08:34,otj_nonbehav,
0.41725,0.37562500000000004,819.8581676341677,True,False,False,False,2025-10-01 17:08:34,otj_nonbehav,
0.41725,0.41725,822.8313193897071,True,False,False,False,2025-10-01 17:08:34,otj_nonbehav,
0.41725,0.45887500000000003,1300.811686158906,True,False,False,False,2025-10-01 17:08:34,otj_nonbehav,
0.41725,0.5005000000000001,752.7701973180698,True,False,False,False,2025-10-01 17:08:34,otj_nonbehav,
0.41725,0.5421250000000001,1146.807296450884,True,False,False,False,2025-10-01 17:08:34,otj_nonbehav,
0.41725,0.58375,1128.361693456911,True,False,False,False,2025-10-01 17:08:34,otj_nonbehav,
0.41725,0.625375,951.7736198952787,True,False,False,False,2025-10-01 17:08:34,otj_nonbehav,
0.41725,0.667,957.6784540354887,True,False,False,False,2025-10-01 17:08:34,otj_nonbehav,
0.41725,0.7086250000000001,795.4042490204904,True,False,False,False,2025-10-01 17:08:34,otj_nonbehav,
0.41725,0.7502500000000001,1103.766963226005,True,False,False,False,2025-10-01 17:08:34,otj_nonbehav,
0.41725,0.791875,964.8404513643839,True,False,False,False,2025-10-01 17:08:34,otj_nonbehav,
0.41725,0.8335,927.100897333824,True,False,False,False,2025-10-01 17:08:34,otj_nonbehav,
0.41725,0.875125,966.7123030664208,True,False,False,False,2025-10-01 17:08:34,otj_nonbehav,
0.41725,0.9167500000000001,1185.5284108333522,True,False,False,False,2025-10-01 17:08:34,otj_nonbehav,
0.41725,0.9583750000000001,859.4861044443419,True,False,False,False,2025-10-01 17:08:34,otj_nonbehav,
0.41725,1.0,984.1144749430409,True,False,False,False,2025-10-01 17:08:34,otj_nonbehav,
0.45887500000000003,0.001,294.7036043150769,True,False,False,False,2025-10-01 17:08:34,otj_nonbehav,
0.45887500000000003,0.042625,573.4845954051561,True,False,False,False,2025-10-01 17:08:34,otj_nonbehav,
0.45887500000000003,0.08425,725.6024606107579,True,False,False,False,2025-10-01 17:08:34,otj_nonbehav,
0.45887500000000003,0.12587500000000001,719.3402121096773,True,False,False,False,2025-10-01 17:08:34,otj_nonbehav,
0.45887500000000003,0.1675,956.888986577018,True,False,False,False,2025-10-01 17:08:34,otj_nonbehav,
0.45887500000000003,0.209125,752.0032401927692,True,False,False,False,2025-10-01 17:08:34,otj_nonbehav,
0.45887500000000003,0.25075000000000003,910.9491487178617,True,False,False,False,2025-10-01 17:08:34,otj_nonbehav,
0.45887500000000003,0.292375,921.2611954238979,True,False,False,False,2025-10-01 17:08:34,otj_nonbehav,
0.45887500000000003,0.334,1132.4312818192266,True,False,False,False,2025-10-01 17:08:34,otj_nonbehav,
0.45887500000000003,0.37562500000000004,921.9880542973277,True,False,False,False,2025-10-01 17:08:34,otj_nonbehav,
0.45887500000000003,0.41725,1020.1129542135355,True,False,False,False,2025-10-01 17:08:34,otj_nonbehav,
0.45887500000000003,0.45887500000000003,925.3640384272517,True,False,False,False,2025-10-01 17:08:34,otj_nonbehav,
0.45887500000000003,0.5005000000000001,768.6361446440525,True,False,False,False,2025-10-01 17:08:34,otj_nonbehav,
0.45887500000000003,0.5421250000000001,921.7331086766558,True,False,False,False,2025-10-01 17:08:34,otj_nonbehav,
0.45887500000000003,0.58375,853.7078274110185,True,False,False,False,2025-10-01 17:08:34,otj_nonbehav,
0.45887500000000003,0.625375,724.8284480107778,True,False,False,False,2025-10-01 17:08:34,otj_nonbehav,
0.45887500000000003,0.667,1062.175557046946,True,False,False,False,2025-10-01 17:08:34,otj_nonbehav,
0.45887500000000003,0.7086250000000001,1158.1658306250627,True,False,False,False,2025-10-01 17:08:34,otj_nonbehav,
0.45887500000000003,0.7502500000000001,944.5841670569804,True,False,False,False,2025-10-01 17:08:34,otj_nonbehav,
0.45887500000000003,0.791875,1265.1903747243468,True,False,False,False,2025-10-01 17:08:34,otj_nonbehav,
0.45887500000000003,0.8335,834.0727577363127,True,False,False,False,2025-10-01 17:08:34,otj_nonbehav,
0.45887500000000003,0.875125,1068.8418897656882,True,False,False,False,2025-10-01 17:08:34,otj_nonbehav,
0.45887500000000003,0.9167500000000001,1048.9440498978097,True,False,False,False,2025-10-01 17:08:34,otj_nonbehav,
0.45887500000000003,0.9583750000000001,1210.957817344999,True,False,False,False,2025-10-01 17:08:34,otj_nonbehav,
0.45887500000000003,1.0,1126.6302966142537,True,False,False,False,2025-10-01 17:08:34,otj_nonbehav,
0.5005000000000001,0.001,588.0249584446526,True,False,False,False,2025-10-01 17:08:34,otj_nonbehav,
0.5005000000000001,0.042625,907.6885065984643,True,False,False,False,2025-10-01 17:08:34,otj_nonbehav,
0.5005000000000001,0.08425,910.6334199030831,True,False,False,False,2025-10-01 17:08:34,otj_nonbehav,
0.5005000000000001,0.12587500000000001,1034.0935242291878,True,False,False,False,2025-10-01 17:08:34,otj_nonbehav,
0.5005000000000001,0.1675,1056.4497352870837,True,False,False,False,2025-10-01 17:08:34,otj_nonbehav,
0.5005000000000001,0.209125,1016.4314002052555,True,False,False,False,2025-10-01 17:08:34,otj_nonbehav,
0.5005000000000001,0.25075000000000003,1021.9649055529757,True,False,False,False,2025-10-01 17:08:34,otj_nonbehav,
0.5005000000000001,0.292375,991.4805973328264,True,False,False,False,2025-10-01 17:08:34,otj_nonbehav,
0.5005000000000001,0.334,1291.498796017303,True,False,False,False,2025-10-01 17:08:34,otj_nonbehav,
0.5005000000000001,0.37562500000000004,753.9004171089526,True,False,False,False,2025-10-01 17:08:34,otj_nonbehav,
0.5005000000000001,0.41725,880.0343780162366,True,False,False,False,2025-10-01 17:08:34,otj_nonbehav,
0.5005000000000001,0.45887500000000003,1402.8545359005184,True,False,False,False,2025-10-01 17:08:34,otj_nonbehav,
0.5005000000000001,0.5005000000000001,1081.3659635031752,True,False,False,False,2025-10-01 17:08:34,otj_nonbehav,
0.5005000000000001,0.5421250000000001,932.1927643198322,True,False,False,False,2025-10-01 17:08:34,otj_nonbehav,
0.5005000000000001,0.58375,1215.0710729375926,True,False,False,False,2025-10-01 17:08:34,otj_nonbehav,
0.5005000000000001,0.625375,1047.7969565616404,True,False,False,False,2025-10-01 17:08:34,otj_nonbehav,
0.5005000000000001,0.667,1117.205335890224,True,False,False,False,2025-10-01 17:08:34,otj_nonbehav,
0.5005000000000001,0.7086250000000001,925.7161398646613,True,False,False,False,2025-10-01 17:08:34,otj_nonbehav,
0.5005000000000001,0.7502500000000001,1194.0696119739928,True,False,False,False,2025-10-01 17:08:34,otj_nonbehav,
0.5005000000000001,0.791875,1010.1686120362689,True,False,False,False,2025-10-01 17:08:34,otj_nonbehav,
0.5005000000000001,0.8335,1076.7237867811245,True,False,False,False,2025-10-01 17:08:34,otj_nonbehav,
0.5005000000000001,0.875125,1022.0529236792819,True,False,False,False,2025-10-01 17:08:34,otj_nonbehav,
0.5005000000000001,0.9167500000000001,1680.1140007127972,True,False,False,False,2025-10-01 17:08:34,otj_nonbehav,
0.5005000000000001,0.9583750000000001,1036.4881358766675,True,False,False,False,2025-10-01 17:08:34,otj_nonbehav,
0.5005000000000001,1.0,1148.7825295583891,True,False,False,False,2025-10-01 17:08:34,otj_nonbehav,
0.5421250000000001,0.001,602.7307376486654,True,False,False,False,2025-10-01 17:08:34,otj_nonbehav,
0.5421250000000001,0.042625,1091.9946640609912,True,False,False,False,2025-10-01 17:08:34,otj_nonbehav,
0.5421250000000001,0.08425,1162.213572265287,True,False,False,False,2025-10-01 17:08:34,otj_nonbehav,
0.5421250000000001,0.12587500000000001,1378.9670540881439,True,False,False,False,2025-10-01 17:08:34,otj_nonbehav,
0.5421250000000001,0.1675,679.4987828828105,True,False,False,False,2025-10-01 17:08:34,otj_nonbehav,
0.5421250000000001,0.209125,1175.3133974885918,True,False,False,False,2025-10-01 17:08:34,otj_nonbehav,
0.5421250000000001,0.25075000000000003,1304.4226100020715,True,False,False,False,2025-10-01 17:08:34,otj_nonbehav,
0.5421250000000001,0.292375,1309.35534945243,True,False,False,False,2025-10-01 17:08:34,otj_nonbehav,
0.5421250000000001,0.334,1465.783189982842,True,False,False,False,2025-10-01 17:08:34,otj_nonbehav,
0.5421250000000001,0.37562500000000004,1187.83351442877,True,False,False,False,2025-10-01 17:08:34,otj_nonbehav,
0.5421250000000001,0.41725,994.7354583407083,True,False,False,False,2025-10-01 17:08:34,otj_nonbehav,
0.5421250000000001,0.45887500000000003,1110.358207906913,True,False,False,False,2025-10-01 17:08:34,otj_nonbehav,
0.5421250000000001,0.5005000000000001,1256.8334750420559,True,False,False,False,2025-10-01 17:08:34,otj_nonbehav,
0.5421250000000001,0.5421250000000001,1033.6810120603004,True,False,False,False,2025-10-01 17:08:34,otj_nonbehav,
0.5421250000000001,0.58375,1086.3377072461442,True,False,False,False,2025-10-01 17:08:34,otj_nonbehav,
0.5421250000000001,0.625375,1157.8414805443929,True,False,False,False,2025-10-01 17:08:34,otj_nonbehav,
0.5421250000000001,0.667,1625.9162633253643,True,False,False,False,2025-10-01 17:08:34,otj_nonbehav,
0.5421250000000001,0.7086250000000001,1067.912751573993,True,False,False,False,2025-10-01 17:08:34,otj_nonbehav,
0.5421250000000001,0.7502500000000001,1182.5150436591073,True,False,False,False,2025-10-01 17:08:34,otj_nonbehav,
0.5421250000000001,0.791875,1430.8333679012087,True,False,False,False,2025-10-01 17:08:34,otj_nonbehav,
0.5421250000000001,0.8335,1380.415553467188,True,False,False,False,2025-10-01 17:08:34,otj_nonbehav,
0.5421250000000001,0.875125,1154.4435706332415,True,False,False,False,2025-10-01 17:08:34,otj_nonbehav,
0.5421250000000001,0.9167500000000001,1450.0715188437102,True,False,False,False,2025-10-01 17:08:34,otj_nonbehav,
0.5421250000000001,0.9583750000000001,1267.9186664747472,True,False,False,False,2025-10-01 17:08:34,otj_nonbehav,
0.5421250000000001,1.0,1196.3476029231178,True,False,False,False,2025-10-01 17:08:34,otj_nonbehav,
0.58375,0.001,991.1002878517888,True,False,False,False,2025-10-01 17:08:34,otj_nonbehav,
0.58375,0.042625,1036.382067282538,True,False,False,False,2025-10-01 17:08:34,otj_nonbehav,
0.58375,0.08425,969.8781037522231,True,False,False,False,2025-10-01 17:08:34,otj_nonbehav,
0.58375,0.12587500000000001,1043.4377507775519,True,False,False,False,2025-10-01 17:08:34,otj_nonbehav,
0.58375,0.1675,1424.6753988726375,True,False,False,False,2025-10-01 17:08:34,otj_nonbehav,
0.58375,0.209125,1131.044050373704,True,False,False,False,2025-10-01 17:08:34,otj_nonbehav,
0.58375,0.25075000000000003,1516.9770570476505,True,False,False,False,2025-10-01 17:08:34,otj_nonbehav,
0.58375,0.292375,917.2535456086072,True,False,False,False,2025-10-01 17:08:34,otj_nonbehav,
0.58375,0.334,1185.9409902672878,True,False,False,False,2025-10-01 17:08:34,otj_nonbehav,
0.58375,0.37562500000000004,1410.952975497823,True,False,False,False,2025-10-01 17:08:34,otj_nonbehav,
0.58375,0.41725,1024.8520225013583,True,False,False,False,2025-10-01 17:08:34,otj_nonbehav,
0.58375,0.45887500000000003,1207.5912283681914,True,False,False,False,2025-10-01 17:08:34,otj_nonbehav,
0.58375,0.5005000000000001,1210.8403305019863,True,False,False,False,2025-10-01 17:08:34,otj_nonbehav,
0.58375,0.5421250000000001,1221.864722321684,True,False,False,False,2025-10-01 17:08:34,otj_nonbehav,
0.58375,0.58375,1672.7344417802599,True,False,False,False,2025-10-01 17:08:34,otj_nonbehav,
0.58375,0.625375,1422.1541880323205,True,False,False,False,2025-10-01 17:08:34,otj_nonbehav,
0.58375,0.667,1143.3363966546026,True,False,False,False,2025-10-01 17:08:34,otj_nonbehav,
0.58375,0.7086250000000001,1279.2824712868696,True,False,False,False,2025-10-01 17:08:34,otj_nonbehav,
0.58375,0.7502500000000001,974.8839980173547,True,False,False,False,2025-10-01 17:08:34,otj_nonbehav,
0.58375,0.791875,1213.9840512226876,True,False,False,False,2025-10-01 17:08:34,otj_nonbehav,
0.58375,0.8335,1493.0218888430888,True,False,False,False,2025-10-01 17:08:34,otj_nonbehav,
0.58375,0.875125,1524.2238890846972,True,False,False,False,2025-10-01 17:08:34,otj_nonbehav,
0.58375,0.9167500000000001,1187.7250174219496,True,False,False,False,2025-10-01 17:08:34,otj_nonbehav,
0.58375,0.9583750000000001,1076.2583523065837,True,False,False,False,2025-10-01 17:08:34,otj_nonbehav,
0.58375,1.0,1445.7210904232938,True,False,False,False,2025-10-01 17:08:34,otj_nonbehav,
0.625375,0.001,915.0007064938749,True,False,False,False,2025-10-01 17:08:34,otj_nonbehav,
0.625375,0.042625,1042.8377967211095,True,False,False,False,2025-10-01 17:08:34,otj_nonbehav,
0.625375,0.08425,998.0003580449822,True,False,False,False,2025-10-01 17:08:34,otj_nonbehav,
0.625375,0.12587500000000001,1288.4028663047482,True,False,False,False,2025-10-01 17:08:34,otj_nonbehav,
0.625375,0.1675,1336.807066419187,True,False,False,False,2025-10-01 17:08:34,otj_nonbehav,
0.625375,0.209125,876.4866337804701,True,False,False,False,2025-10-01 17:08:34,otj_nonbehav,
0.625375,0.25075000000000003,1535.6350310860328,True,False,False,False,2025-10-01 17:08:34,otj_nonbehav,
0.625375,0.292375,1403.9473696402988,True,False,False,False,2025-10-01 17:08:34,otj_nonbehav,
0.625375,0.334,1450.684047815061,True,False,False,False,2025-10-01 17:08:34,otj_nonbehav,
0.625375,0.37562500000000004,1282.808242736137,True,False,False,False,2025-10-01 17:08:34,otj_nonbehav,
0.625375,0.41725,1286.2000459022915,True,False,False,False,2025-10-01 17:08:34,otj_nonbehav,
0.625375,0.45887500000000003,1068.629738845841,True,False,False,False,2025-10-01 17:08:34,otj_nonbehav,
0.625375,0.5005000000000001,1099.2091717509863,True,False,False,False,2025-10-01 17:08:34,otj_nonbehav,
0.625375,0.5421250000000001,1429.6871689833392,True,False,False,False,2025-10-01 17:08:34,otj_nonbehav,
0.625375,0.58375,1447.5248711187246,True,False,False,False,2025-10-01 17:08:34,otj_nonbehav,
0.625375,0.625375,1153.336366865512,True,False,False,False,2025-10-01 17:08:34,otj_nonbehav,
0.625375,0.667,1346.624353181424,True,False,False,False,2025-10-01 17:08:34,otj_nonbehav,
0.625375,0.7086250000000001,1542.2959040379571,True,False,False,False,2025-10-01 17:08:34,otj_nonbehav,
0.625375,0.7502500000000001,1531.5329895815346,True,False,False,False,2025-10-01 17:08:34,otj_nonbehav,
0.625375,0.791875,1734.361240565261,True,False,False,False,2025-10-01 17:08:34,otj_nonbehav,
0.625375,0.8335,1176.1587504816775,True,False,False,False,2025-10-01 17:08:34,otj_nonbehav,
0.625375,0.875125,1114.0493334335595,True,False,False,False,2025-10-01 17:08:34,otj_nonbehav,
0.625375,0.9167500000000001,1658.1073280810215,True,False,False,False,2025-10-01 17:08:34,otj_nonbehav,
0.625375,0.9583750000000001,1365.373991828649,True,False,False,False,2025-10-01 17:08:34,otj_nonbehav,
0.625375,1.0,1653.2062339521076,True,False,False,False,2025-10-01 17:08:34,otj_nonbehav,
0.667,0.001,1009.6136123775993,True,False,False,False,2025-10-01 17:08:34,otj_nonbehav,
0.667,0.042625,1121.1577705847394,True,False,False,False,2025-10-01 17:08:34,otj_nonbehav,
0.667,0.08425,1330.2222271958162,True,False,False,False,2025-10-01 17:08:34,otj_nonbehav,
0.667,0.12587500000000001,1684.2178764759487,True,False,False,False,2025-10-01 17:08:34,otj_nonbehav,
0.667,0.1675,1266.323618076257,True,False,False,False,2025-10-01 17:08:34,otj_nonbehav,
0.667,0.209125,882.144017859312,True,False,False,False,2025-10-01 17:08:34,otj_nonbehav,
0.667,0.25075000000000003,1074.5073789105743,True,False,False,False,2025-10-01 17:08:34,otj_nonbehav,
0.667,0.292375,1165.6484992864894,True,False,False,False,2025-10-01 17:08:34,otj_nonbehav,
0.667,0.334,949.2873965340638,True,False,False,False,2025-10-01 17:08:34,otj_nonbehav,
0.667,0.37562500000000004,1627.8774116441866,True,False,False,False,2025-10-01 17:08:34,otj_nonbehav,
0.667,0.41725,1307.001699843343,True,False,False,False,2025-10-01 17:08:34,otj_nonbehav,
0.667,0.45887500000000003,1322.658660707009,True,False,False,False,2025-10-01 17:08:34,otj_nonbehav,
0.667,0.5005000000000001,1313.4692597192557,True,False,False,False,2025-10-01 17:08:34,otj_nonbehav,
0.667,0.5421250000000001,1345.6018913877933,True,False,False,False,2025-10-01 17:08:34,otj_nonbehav,
0.667,0.58375,1656.3070155805947,True,False,False,False,2025-10-01 17:08:34,otj_nonbehav,
0.667,0.625375,1320.4322055706978,True,False,False,False,2025-10-01 17:08:34,otj_nonbehav,
0.667,0.667,940.1302108215211,True,False,False,False,2025-10-01 17:08:34,otj_nonbehav,
0.667,0.7086250000000001,1147.922269907312,True,False,False,False,2025-10-01 17:08:34,otj_nonbehav,
0.667,0.7502500000000001,1936.5843694161058,True,False,False,False,2025-10-01 17:08:34,otj_nonbehav,
0.667,0.791875,1627.1202771597048,True,False,False,False,2025-10-01 17:08:34,otj_nonbehav,
0.667,0.8335,1629.0737684957153,True,False,False,False,2025-10-01 17:08:34,otj_nonbehav,
0.667,0.875125,1176.9526569684635,True,False,False,False,2025-10-01 17:08:34,otj_nonbehav,
0.667,0.9167500000000001,1464.4091737128203,True,False,False,False,2025-10-01 17:08:34,otj_nonbehav,
0.667,0.9583750000000001,1119.8195450407422,True,False,False,False,2025-10-01 17:08:34,otj_nonbehav,
0.667,1.0,1361.6398437220232,True,False,False,False,2025-10-01 17:08:34,otj_nonbehav,
0.7086250000000001,0.001,1023.6581098033635,True,False,False,False,2025-10-01 17:08:34,otj_nonbehav,
0.7086250000000001,0.042625,1342.7281817041596,True,False,False,False,2025-10-01 17:08:34,otj_nonbehav,
0.7086250000000001,0.08425,1526.8087686075448,True,False,False,False,2025-10-01 17:08:34,otj_nonbehav,
0.7086250000000001,0.12587500000000001,1500.4755665749117,True,False,False,False,2025-10-01 17:08:34,otj_nonbehav,
0.7086250000000001,0.1675,1558.2036074139776,True,False,False,False,2025-10-01 17:08:34,otj_nonbehav,
0.7086250000000001,0.209125,1660.9831352950252,True,False,False,False,2025-10-01 17:08:34,otj_nonbehav,
0.7086250000000001,0.25075000000000003,1884.4869511818674,True,False,False,False,2025-10-01 17:08:34,otj_nonbehav,
0.7086250000000001,0.292375,1323.1428257887892,True,False,False,False,2025-10-01 17:08:34,otj_nonbehav,
0.7086250000000001,0.334,1644.5950262486244,True,False,False,False,2025-10-01 17:08:34,otj_nonbehav,
0.7086250000000001,0.37562500000000004,1195.063702393298,True,False,False,False,2025-10-01 17:08:34,otj_nonbehav,
0.7086250000000001,0.41725,1350.019045476705,True,False,False,False,2025-10-01 17:08:34,otj_nonbehav,
0.7086250000000001,0.45887500000000003,1659.2290944855804,True,False,False,False,2025-10-01 17:08:34,otj_nonbehav,
0.7086250000000001,0.5005000000000001,1624.0384064910247,True,False,False,False,2025-10-01 17:08:34,otj_nonbehav,
0.7086250000000001,0.5421250000000001,1566.4339860677483,True,False,False,False,2025-10-01 17:08:34,otj_nonbehav,
0.7086250000000001,0.58375,1014.9797823711596,True,False,False,False,2025-10-01 17:08:34,otj_nonbehav,
0.7086250000000001,0.625375,1064.1465740402266,True,False,False,False,2025-10-01 17:08:34,otj_nonbehav,
0.7086250000000001,0.667,1565.9748002534766,True,False,False,False,2025-10-01 17:08:34,otj_nonbehav,
0.7086250000000001,0.7086250000000001,1458.5898806190746,True,False,False,False,2025-10-01 17:08:34,otj_nonbehav,
0.7086250000000001,0.7502500000000001,1492.4056178653482,True,False,False,False,2025-10-01 17:08:34,otj_nonbehav,
0.7086250000000001,0.791875,1473.1326048602473,True,False,False,False,2025-10-01 17:08:34,otj_nonbehav,
0.7086250000000001,0.8335,1603.5732292479768,True,False,False,False,2025-10-01 17:08:34,otj_nonbehav,
0.7086250000000001,0.875125,2159.056664785769,True,False,False,False,2025-10-01 17:08:34,otj_nonbehav,
0.7086250000000001,0.9167500000000001,1523.2375847126655,True,False,False,False,2025-10-01 17:08:34,otj_nonbehav,
0.7086250000000001,0.9583750000000001,1603.991665684094,True,False,False,False,2025-10-01 17:08:34,otj_nonbehav,
0.7086250000000001,1.0,1740.1260051966392,True,False,False,False,2025-10-01 17:08:34,otj_nonbehav,
0.7502500000000001,0.001,1393.2470522273484,True,False,False,False,2025-10-01 17:08:34,otj_nonbehav,
0.7502500000000001,0.042625,1646.493356913536,True,False,False,False,2025-10-01 17:08:34,otj_nonbehav,
0.7502500000000001,0.08425,1189.0177066350627,True,False,False,False,2025-10-01 17:08:34,otj_nonbehav,
0.7502500000000001,0.12587500000000001,1429.1023319729256,True,False,False,False,2025-10-01 17:08:34,otj_nonbehav,
0.7502500000000001,0.1675,1518.5517040083062,True,False,False,False,2025-10-01 17:08:34,otj_nonbehav,
0.7502500000000001,0.209125,1373.1988742945143,True,False,False,False,2025-10-01 17:08:34,otj_nonbehav,
0.7502500000000001,0.25075000000000003,1323.8989306614374,True,False,False,False,2025-10-01 17:08:34,otj_nonbehav,
0.7502500000000001,0.292375,1577.915768219174,True,False,False,False,2025-10-01 17:08:34,otj_nonbehav,
0.7502500000000001,0.334,1047.8412817316457,True,False,False,False,2025-10-01 17:08:34,otj_nonbehav,
0.7502500000000001,0.37562500000000004,1343.3360772411663,True,False,False,False,2025-10-01 17:08:34,otj_nonbehav,
0.7502500000000001,0.41725,1235.6852041354296,True,False,False,False,2025-10-01 17:08:34,otj_nonbehav,
0.7502500000000001,0.45887500000000003,1712.5940341256282,True,False,False,False,2025-10-01 17:08:34,otj_nonbehav,
0.7502500000000001,0.5005000000000001,1427.7714765685973,True,False,False,False,2025-10-01 17:08:34,otj_nonbehav,
0.7502500000000001,0.5421250000000001,1382.420611366647,True,False,False,False,2025-10-01 17:08:34,otj_nonbehav,
0.7502500000000001,0.58375,2138.0090145857753,True,False,False,False,2025-10-01 17:08:34,otj_nonbehav,
0.7502500000000001,0.625375,1874.0339142405032,True,False,False,False,2025-10-01 17:08:34,otj_nonbehav,
0.7502500000000001,0.667,1902.0877115880141,True,False,False,False,2025-10-01 17:08:34,otj_nonbehav,
0.7502500000000001,0.7086250000000001,1476.3414921177648,True,False,False,False,2025-10-01 17:08:34,otj_nonbehav,
0.7502500000000001,0.7502500000000001,1487.4233923620181,True,False,False,False,2025-10-01 17:08:34,otj_nonbehav,
0.7502500000000001,0.791875,1480.7980514487901,True,False,False,False,2025-10-01 17:08:34,otj_nonbehav,
0.7502500000000001,0.8335,1347.2243825041696,True,False,False,False,2025-10-01 17:08:34,otj_nonbehav,
0.7502500000000001,0.875125,1734.7051848351782,True,False,False,False,2025-10-01 17:08:34,otj_nonbehav,
0.7502500000000001,0.9167500000000001,1693.510600909801,True,False,False,False,2025-10-01 17:08:34,otj_nonbehav,
0.7502500000000001,0.9583750000000001,1625.9193910372305,True,False,False,False,2025-10-01 17:08:34,otj_nonbehav,
0.7502500000000001,1.0,1171.1263630605658,True,False,False,False,2025-10-01 17:08:34,otj_nonbehav,
0.791875,0.001,915.8253515725874,True,False,False,False,2025-10-01 17:08:34,otj_nonbehav,
0.791875,0.042625,1302.3364171346386,True,False,False,False,2025-10-01 17:08:34,otj_nonbehav,
0.791875,0.08425,1544.9386644740475,True,False,False,False,2025-10-01 17:08:34,otj_nonbehav,
0.791875,0.12587500000000001,1628.6010780288314,True,False,False,False,2025-10-01 17:08:34,otj_nonbehav,
0.791875,0.1675,1412.9381140071541,True,False,False,False,2025-10-01 17:08:34,otj_nonbehav,
0.791875,0.209125,1664.4298007605119,True,False,False,False,2025-10-01 17:08:34,otj_nonbehav,
0.791875,0.25075000000000003,1759.5647540222942,True,False,False,False,2025-10-01 17:08:34,otj_nonbehav,
0.791875,0.292375,1537.7289437920183,True,False,False,False,2025-10-01 17:08:34,otj_nonbehav,
0.791875,0.334,1877.559693536134,True,False,False,False,2025-10-01 17:08:34,otj_nonbehav,
0.791875,0.37562500000000004,1645.513630443296,True,False,False,False,2025-10-01 17:08:34,otj_nonbehav,
0.791875,0.41725,1682.2827148330693,True,False,False,False,2025-10-01 17:08:34,otj_nonbehav,
0.791875,0.45887500000000003,1447.6577168691058,True,False,False,False,2025-10-01 17:08:34,otj_nonbehav,
0.791875,0.5005000000000001,1478.5903288199054,True,False,False,False,2025-10-01 17:08:34,otj_nonbehav,
0.791875,0.5421250000000001,2204.347730144088,True,False,False,False,2025-10-01 17:08:34,otj_nonbehav,
0.791875,0.58375,1757.2415172045667,True,False,False,False,2025-10-01 17:08:34,otj_nonbehav,
0.791875,0.625375,1424.359433739146,True,False,False,False,2025-10-01 17:08:34,otj_nonbehav,
0.791875,0.667,1367.6316736724734,True,False,False,False,2025-10-01 17:08:34,otj_nonbehav,
0.791875,0.7086250000000001,1526.985129970127,True,False,False,False,2025-10-01 17:08:34,otj_nonbehav,
0.791875,0.7502500000000001,1681.1962451791494,True,False,False,False,2025-10-01 17:08:34,otj_nonbehav,
0.791875,0.791875,1646.289747233576,True,False,False,False,2025-10-01 17:08:34,otj_nonbehav,
0.791875,0.8335,1712.2700704146762,True,False,False,False,2025-10-01 17:08:34,otj_nonbehav,
0.791875,0.875125,1915.0198669447539,True,False,False,False,2025-10-01 17:08:34,otj_nonbehav,
0.791875,0.9167500000000001,1920.2858070959983,True,False,False,False,2025-10-01 17:08:34,otj_nonbehav,
0.791875,0.9583750000000001,1472.8522796084935,True,False,False,False,2025-10-01 17:08:34,otj_nonbehav,
0.791875,1.0,1947.3377465668048,True,False,False,False,2025-10-01 17:08:34,otj_nonbehav,
0.8335,0.001,2127.679635053947,True,False,False,False,2025-10-01 17:08:34,otj_nonbehav,
0.8335,0.042625,1662.1446218665678,True,False,False,False,2025-10-01 17:08:34,otj_nonbehav,
0.8335,0.08425,1708.627169329528,True,False,False,False,2025-10-01 17:08:34,otj_nonbehav,
0.8335,0.12587500000000001,1664.7179403593925,True,False,False,False,2025-10-01 17:08:34,otj_nonbehav,
0.8335,0.1675,1429.31541762879,True,False,False,False,2025-10-01 17:08:34,otj_nonbehav,
0.8335,0.209125,1603.7924237700543,True,False,False,False,2025-10-01 17:08:34,otj_nonbehav,
0.8335,0.25075000000000003,1530.155645291927,True,False,False,False,2025-10-01 17:08:34,otj_nonbehav,
0.8335,0.292375,1525.7296629472594,True,False,False,False,2025-10-01 17:08:34,otj_nonbehav,
0.8335,0.334,1234.4167020345237,True,False,False,False,2025-10-01 17:08:34,otj_nonbehav,
0.8335,0.37562500000000004,1692.7525650562225,True,False,False,False,2025-10-01 17:08:34,otj_nonbehav,
0.8335,0.41725,1898.979158020356,True,False,False,False,2025-10-01 17:08:34,otj_nonbehav,
0.8335,0.45887500000000003,1803.1618072604715,True,False,False,False,2025-10-01 17:08:34,otj_nonbehav,
0.8335,0.5005000000000001,1421.3621125306963,True,False,False,False,2025-10-01 17:08:34,otj_nonbehav,
0.8335,0.5421250000000001,2042.6490423617067,True,False,False,False,2025-10-01 17:08:34,otj_nonbehav,
0.8335,0.58375,1982.8519551917125,True,False,False,False,2025-10-01 17:08:34,otj_nonbehav,
0.8335,0.625375,1630.013830411875,True,False,False,False,2025-10-01 17:08:34,otj_nonbehav,
0.8335,0.667,1891.0618290971474,True,False,False,False,2025-10-01 17:08:34,otj_nonbehav,
0.8335,0.7086250000000001,1029.588083812254,True,False,False,False,2025-10-01 17:08:34,otj_nonbehav,
0.8335,0.7502500000000001,1636.9951810137939,True,False,False,False,2025-10-01 17:08:34,otj_nonbehav,
0.8335,0.791875,1522.253817538681,True,False,False,False,2025-10-01 17:08:34,otj_nonbehav,
0.8335,0.8335,1711.861325818017,True,False,False,False,2025-10-01 17:08:34,otj_nonbehav,
0.8335,0.875125,1380.097831969462,True,False,False,False,2025-10-01 17:08:34,otj_nonbehav,
0.8335,0.9167500000000001,2112.4979561654554,True,False,False,False,2025-10-01 17:08:34,otj_nonbehav,
0.8335,0.9583750000000001,1972.5568071943428,True,False,False,False,2025-10-01 17:08:34,otj_nonbehav,
0.8335,1.0,1722.037266777805,True,False,False,False,2025-10-01 17:08:34,otj_nonbehav,
0.875125,0.001,1485.3823072634457,True,False,False,False,2025-10-01 17:08:34,otj_nonbehav,
0.875125,0.042625,1463.141443096812,True,False,False,False,2025-10-01 17:08:34,otj_nonbehav,
0.875125,0.08425,1912.9487643854338,True,False,False,False,2025-10-01 17:08:34,otj_nonbehav,
0.875125,0.12587500000000001,1770.9397248133907,True,False,False,False,2025-10-01 17:08:34,otj_nonbehav,
0.875125,0.1675,1714.5212311978257,True,False,False,False,2025-10-01 17:08:34,otj_nonbehav,
0.875125,0.209125,1459.0777365035026,True,False,False,False,2025-10-01 17:08:34,otj_nonbehav,
0.875125,0.25075000000000003,1646.5402818422656,True,False,False,False,2025-10-01 17:08:34,otj_nonbehav,
0.875125,0.292375,1808.8630631440521,True,False,False,False,2025-10-01 17:08:34,otj_nonbehav,
0.875125,0.334,1854.6377783566434,True,False,False,False,2025-10-01 17:08:34,otj_nonbehav,
0.875125,0.37562500000000004,1760.001008763467,True,False,False,False,2025-10-01 17:08:34,otj_nonbehav,
0.875125,0.41725,1541.384357065259,True,False,False,False,2025-10-01 17:08:34,otj_nonbehav,
0.875125,0.45887500000000003,1630.5127531797602,True,False,False,False,2025-10-01 17:08:34,otj_nonbehav,
0.875125,0.5005000000000001,1590.080857404907,True,False,False,False,2025-10-01 17:08:34,otj_nonbehav,
0.875125,0.5421250000000001,1726.4337755218562,True,False,False,False,2025-10-01 17:08:34,otj_nonbehav,
0.875125,0.58375,2095.7804918450483,True,False,False,False,2025-10-01 17:08:34,otj_nonbehav,
0.875125,0.625375,2123.717699137124,True,False,False,False,2025-10-01 17:08:34,otj_nonbehav,
0.875125,0.667,1689.9975323286249,True,False,False,False,2025-10-01 17:08:34,otj_nonbehav,
0.875125,0.7086250000000001,1452.3372499320838,True,False,False,False,2025-10-01 17:08:34,otj_nonbehav,
0.875125,0.7502500000000001,1370.2476757351783,True,False,False,False,2025-10-01 17:08:34,otj_nonbehav,
0.875125,0.791875,1920.732137447904,True,False,False,False,2025-10-01 17:08:34,otj_nonbehav,
0.875125,0.8335,1773.215310259358,True,False,False,False,2025-10-01 17:08:34,otj_nonbehav,
0.875125,0.875125,2068.5385217154344,True,False,False,False,2025-10-01 17:08:34,otj_nonbehav,
0.875125,0.9167500000000001,2449.7649115188256,True,False,False,False,2025-10-01 17:08:34,otj_nonbehav,
0.875125,0.9583750000000001,1628.246300958705,True,False,False,False,2025-10-01 17:08:34,otj_nonbehav,
0.875125,1.0,1660.7317632836382,True,False,False,False,2025-10-01 17:08:34,otj_nonbehav,
0.9167500000000001,0.001,1390.1187589018741,True,False,False,False,2025-10-01 17:08:34,otj_nonbehav,
0.9167500000000001,0.042625,1229.6591585463618,True,False,False,False,2025-10-01 17:08:34,otj_nonbehav,
0.9167500000000001,0.08425,1722.1861420235332,True,False,False,False,2025-10-01 17:08:34,otj_nonbehav,
0.9167500000000001,0.12587500000000001,1711.0733051328436,True,False,False,False,2025-10-01 17:08:34,otj_nonbehav,
0.9167500000000001,0.1675,1416.5993176475113,True,False,False,False,2025-10-01 17:08:34,otj_nonbehav,
0.9167500000000001,0.209125,1493.1013509874342,True,False,False,False,2025-10-01 17:08:34,otj_nonbehav,
0.9167500000000001,0.25075000000000003,1644.6780293258985,True,False,False,False,2025-10-01 17:08:34,otj_nonbehav,
0.9167500000000001,0.292375,1921.8189369063327,True,False,False,False,2025-10-01 17:08:34,otj_nonbehav,
0.9167500000000001,0.334,1614.9159887456324,True,False,False,False,2025-10-01 17:08:34,otj_nonbehav,
0.9167500000000001,0.37562500000000004,2147.4800438054726,True,False,False,False,2025-10-01 17:08:34,otj_nonbehav,
0.9167500000000001,0.41725,1641.1262381800116,True,False,False,False,2025-10-01 17:08:34,otj_nonbehav,
0.9167500000000001,0.45887500000000003,1290.1038118105723,True,False,False,False,2025-10-01 17:08:34,otj_nonbehav,
0.9167500000000001,0.5005000000000001,1808.4005458202348,True,False,False,False,2025-10-01 17:08:34,otj_nonbehav,
0.9167500000000001,0.5421250000000001,1732.581153432548,True,False,False,False,2025-10-01 17:08:34,otj_nonbehav,
0.9167500000000001,0.58375,1946.557827085331,True,False,False,False,2025-10-01 17:08:34,otj_nonbehav,
0.9167500000000001,0.625375,1653.128637850339,True,False,False,False,2025-10-01 17:08:34,otj_nonbehav,
0.9167500000000001,0.667,1582.0329400278144,True,False,False,False,2025-10-01 17:08:34,otj_nonbehav,
0.9167500000000001,0.7086250000000001,1578.751853726021,True,False,False,False,2025-10-01 17:08:34,otj_nonbehav,
0.9167500000000001,0.7502500000000001,1694.6568873873082,True,False,False,False,2025-10-01 17:08:34,otj_nonbehav,
0.9167500000000001,0.791875,2074.3762423900303,True,False,False,False,2025-10-01 17:08:34,otj_nonbehav,
0.9167500000000001,0.8335,1873.8797182700791,True,False,False,False,2025-10-01 17:08:34,otj_nonbehav,
0.9167500000000001,0.875125,1598.7815230765568,True,False,False,False,2025-10-01 17:08:34,otj_nonbehav,
0.9167500000000001,0.9167500000000001,1925.9370292872657,True,False,False,False,2025-10-01 17:08:34,otj_nonbehav,
0.9167500000000001,0.9583750000000001,2069.522488500049,True,False,False,False,2025-10-01 17:08:34,otj_nonbehav,
0.9167500000000001,1.0,1287.7177131970063,True,False,False,False,2025-10-01 17:08:34,otj_nonbehav,
0.9583750000000001,0.001,1574.2983471107718,True,False,False,False,2025-10-01 17:08:34,otj_nonbehav,
0.9583750000000001,0.042625,1793.622122631526,True,False,False,False,2025-10-01 17:08:34,otj_nonbehav,
0.9583750000000001,0.08425,1666.482203674618,True,False,False,False,2025-10-01 17:08:34,otj_nonbehav,
0.9583750000000001,0.12587500000000001,2165.8281551131668,True,False,False,False,2025-10-01 17:08:34,otj_nonbehav,
0.9583750000000001,0.1675,1411.806421579821,True,False,False,False,2025-10-01 17:08:34,otj_nonbehav,
0.9583750000000001,0.209125,1478.213718593403,True,False,False,False,2025-10-01 17:08:34,otj_nonbehav,
0.9583750000000001,0.25075000000000003,1477.1684308553083,True,False,False,False,2025-10-01 17:08:34,otj_nonbehav,
0.9583750000000001,0.292375,2199.423748684142,True,False,False,False,2025-10-01 17:08:34,otj_nonbehav,
0.9583750000000001,0.334,1590.1226019778342,True,False,False,False,2025-10-01 17:08:34,otj_nonbehav,
0.9583750000000001,0.37562500000000004,2476.284075402832,True,False,False,False,2025-10-01 17:08:34,otj_nonbehav,
0.9583750000000001,0.41725,2161.57805653848,True,False,False,False,2025-10-01 17:08:34,otj_nonbehav,
0.9583750000000001,0.45887500000000003,1365.7546779944216,True,False,False,False,2025-10-01 17:08:34,otj_nonbehav,
0.9583750000000001,0.5005000000000001,1849.3235824959233,True,False,False,False,2025-10-01 17:08:34,otj_nonbehav,
0.9583750000000001,0.5421250000000001,1625.7031379432685,True,False,False,False,2025-10-01 17:08:34,otj_nonbehav,
0.9583750000000001,0.58375,1484.3029479393063,True,False,False,False,2025-10-01 17:08:34,otj_nonbehav,
0.9583750000000001,0.625375,2166.4330187753358,True,False,False,False,2025-10-01 17:08:34,otj_nonbehav,
0.9583750000000001,0.667,1771.155144039182,True,False,False,False,2025-10-01 17:08:34,otj_nonbehav,
0.9583750000000001,0.7086250000000001,1554.3391152262445,True,False,False,False,2025-10-01 17:08:34,otj_nonbehav,
0.9583750000000001,0.7502500000000001,1721.4900462658254,True,False,False,False,2025-10-01 17:08:34,otj_nonbehav,
0.9583750000000001,0.791875,1977.7150490833424,True,False,False,False,2025-10-01 17:08:34,otj_nonbehav,
0.9583750000000001,0.8335,1849.2118259950582,True,False,False,False,2025-10-01 17:08:34,otj_nonbehav,
0.9583750000000001,0.875125,2101.2827368139488,True,False,False,False,2025-10-01 17:08:34,otj_nonbehav,
0.9583750000000001,0.9167500000000001,1984.1288522506022,True,False,False,False,2025-10-01 17:08:34,otj_nonbehav,
0.9583750000000001,0.9583750000000001,2045.4259429651456,True,False,False,False,2025-10-01 17:08:34,otj_nonbehav,
0.9583750000000001,1.0,2162.764786595914,True,False,False,False,2025-10-01 17:08:34,otj_nonbehav,
1.0,0.001,1562.3576578833881,True,False,False,False,2025-10-01 17:08:34,otj_nonbehav,
1.0,0.042625,1650.631078140192,True,False,False,False,2025-10-01 17:08:34,otj_nonbehav,
1.0,0.08425,2425.342825940327,True,False,False,False,2025-10-01 17:08:34,otj_nonbehav,
1.0,0.12587500000000001,1478.2417180048062,True,False,False,False,2025-10-01 17:08:34,otj_nonbehav,
1.0,0.1675,2533.211747176636,True,False,False,False,2025-10-01 17:08:34,otj_nonbehav,
1.0,0.209125,1858.486746522606,True,False,False,False,2025-10-01 17:08:34,otj_nonbehav,
1.0,0.25075000000000003,2081.5730577921636,True,False,False,False,2025-10-01 17:08:34,otj_nonbehav,
1.0,0.292375,2364.575154344718,True,False,False,False,2025-10-01 17:08:34,otj_nonbehav,
1.0,0.334,1708.6931017373452,True,False,False,False,2025-10-01 17:08:34,otj_nonbehav,
1.0,0.37562500000000004,1373.6801731552032,True,False,False,False,2025-10-01 17:08:34,otj_nonbehav,
1.0,0.41725,2128.8850408360654,True,False,False,False,2025-10-01 17:08:34,otj_nonbehav,
1.0,0.45887500000000003,2259.8102263421033,True,False,False,False,2025-10-01 17:08:34,otj_nonbehav,
1.0,0.5005000000000001,1485.880177784808,True,False,False,False,2025-10-01 17:08:34,otj_nonbehav,
1.0,0.5421250000000001,1686.1488840602212,True,False,False,False,2025-10-01 17:08:34,otj_nonbehav,
1.0,0.58375,1661.091606886637,True,False,False,False,2025-10-01 17:08:34,otj_nonbehav,
1.0,0.625375,1890.0713741345173,True,False,False,False,2025-10-01 17:08:34,otj_nonbehav,
1.0,0.667,2039.9993642982458,True,False,False,False,2025-10-01 17:08:34,otj_nonbehav,
1.0,0.7086250000000001,2023.3144698996516,True,False,False,False,2025-10-01 17:08:34,otj_nonbehav,
1.0,0.7502500000000001,1318.4979622012745,True,False,False,False,2025-10-01 17:08:34,otj_nonbehav,
1.0,0.791875,1939.3165851381568,True,False,False,False,2025-10-01 17:08:34,otj_nonbehav,
1.0,0.8335,1744.4076982808713,True,False,False,False,2025-10-01 17:08:34,otj_nonbehav,
1.0,0.875125,2120.192964609842,True,False,False,False,2025-10-01 17:08:34,otj_nonbehav,
1.0,0.9167500000000001,2416.1726060648066,True,False,False,False,2025-10-01 17:08:34,otj_nonbehav,
1.0,0.9583750000000001,1998.1959386047895,True,False,False,False,2025-10-01 17:08:34,otj_nonbehav,
1.0,1.0,1563.8080456698988,True,False,False,False,2025-10-01 17:08:34,otj_nonbehav,
