X.1,year,SOC_minor,lf_total,lf,emp,unemp,male,female,female_share,mean_weekly_earnings,median_weekly_earnings,mean_age,median_age,mean_educ,median_educ,id,h_mean,a_mean,h_pct10,h_pct25,h_median,h_pct75,h_pct90,a_pct10,a_pct25,a_median,a_pct75,a_pct90,mu,sigma
1,2012,11-1000,2674834.34,2671832.06,2570846.06,100986,1955537.99,716294.07,0.26809097799358,1710.87665198238,1615,47.8070279928529,49,102.033617344946,111,1,60.62416666666667,126100.83333333333,21.026666666666667,31.48,48.96,77.76333333333332,99.16666666666667,43736.666666666664,65477.5,101840,161750,206266.66666666666,11.507458897839683,0.6192778757295584
2,2012,11-2000,1111422.99,1105973.63,1040729.76,65243.87,648037.51,457936.12,0.414056997000914,1502.37894736842,1442,41.7463556851312,41,105.085425508744,111,2,66.945,139249.16666666666,29.3475,41.605000000000004,59.455,83.18666666666667,99.16666666666667,61040.833333333336,86540,123664.16666666667,173030.83333333334,206266.66666666666,11.682227072590033,0.4834239453028027
3,2012,11-3000,2855206.76,2849485.44,2764658.19,84827.25,1687825.63,1161659.81,0.407673537717743,1372.92657342657,1250,44.0172031076582,45,99.7237317415457,111,3,62.8125,130648.33333333333,31.135833333333334,41.34916666666667,56.270833333333336,75.86666666666666,98.38083333333333,64763.333333333336,86005,117043.33333333333,157803.33333333334,204632.5,11.661806176920104,0.4490922304139233
4,2012,11-9000,4056830.22,4040905.25,3843420.39999999,197484.85,2593669.73,1447235.52,0.358146363367466,1150.33712121212,996,46.8101311953353,48,91.0742499790117,81,4,48.7775,101455.83333333333,21.323333333333334,29.97083333333333,43.625,60.5075,80.6925,44351.666666666664,62336.666666666664,90739.16666666667,125855.83333333333,167840.83333333334,11.385923751524116,0.5195846627529986
5,2012,13-1000,1922278.13,1918391.25,1810088.7,108302.55,876878.47,1041512.78,0.542909471673205,1059.04605263158,892,43.7996729354047,44,96.56801646171,111,5,36.15083333333333,75190.83333333333,18.18,24.163333333333334,32.98416666666667,44.248333333333335,57.685,37811.666666666664,50262.5,68608.33333333333,92036.66666666667,119984.16666666667,11.125322841327355,0.45007136920572727
6,2012,13-2000,3335989.2,3327254.07,3183638.27,143615.8,1428524.9,1898729.17,0.570659507826524,1192.58389261745,1058,43.7002868068834,44,105.257596336789,111,6,39.735,82650.83333333333,19.43,25.675833333333333,34.17166666666667,46.44833333333333,64.69583333333334,40413.333333333336,53405,71080,96612.5,134565,11.190480404474526,0.4628313785185925
7,2012,15-1100,3635720.36,3627714.59,3455532.42,172182.17,2706309.64,921404.95,0.253990474482173,1403.19241982507,1301,41.1737791465024,40,104.184787086572,111,7,41.27285714285714,85848.57142857143,20.185714285714287,27.952857142857145,39.06,52.36142857142857,66.1,41990,58137.142857142855,81241.42857142857,108914.28571428571,137485.7142857143,11.270103836219047,0.46331923188478735
8,2012,15-2000,201035.54,201035.54,196100.4,4935.14,104418.08,96617.46,0.480598903059628,1572.96428571429,1339.5,41.6258503401361,42,111.606556780955,111,8,45.619166666666665,94888.33333333333,23.295833333333334,31.0275,42.15416666666667,56.3375,72.52,48456.666666666664,64537.5,87680.83333333333,117181.66666666667,150840.83333333334,11.368069346887923,0.44285080733840027
9,2012,17-1000,244746.78,244746.78,239311.34,5435.44,183853.18,60893.6,0.248802456154888,1300.8,1019,44.8645161290323,45,110.576599577735,111,9,38.02333333333333,79085.83333333333,20.475,26.6525,35.0325,45.70166666666667,58.3725,42589.166666666664,55436.666666666664,72866.66666666667,95059.16666666667,121415.83333333333,11.189593925010842,0.40678400246451196
10,2012,17-2000,1125202.56,1113886.77,1055632.09,58254.68,975852.08,138034.69,0.123921653185629,1505.87155963303,1336.5,44.4264487369985,44,109.376660062135,111,10,47.765,99349.16666666667,27.773333333333333,34.89333333333333,44.91583333333333,57.83166666666666,72.9675,57768.333333333336,72576.66666666667,93426.66666666667,120287.5,151770,11.445857674227,0.37635416002104916
11,2012,17-3000,628978.23,626578.22,605118.509999999,21459.71,534246.909999999,92331.31,0.147357994665056,1173.49206349206,1149.5,44.5735294117647,47,86.1127988936482,81,11,28.541666666666668,59364.166666666664,16.671666666666667,21.039166666666667,27.26,34.6275,42.80166666666667,34676.666666666664,43759.166666666664,56700.833333333336,72022.5,89026.66666666667,10.933449593674752,0.36819010056575413
12,2012,19-1000,298523.65,296032.47,286901.33,9131.14,174092.02,121940.45,0.411915794237031,1164.54166666667,894,42.7867298578199,42,115.991351827048,123,12,41.839166666666664,87024.16666666667,21.291666666666668,27.126666666666665,36.64416666666666,51.11333333333333,68.2325,44285.833333333336,56421.666666666664,76218.33333333333,106314.16666666667,141922.5,11.263515237344533,0.4576898226853649
13,2012,19-2000,395832.9,395832.9,386336.26,9496.64,289614.53,106218.37,0.268341439026417,1449.31707317073,1154,43.4444444444444,42,115.576312277226,111,13,43.4125,90297.5,21.723333333333333,28.079166666666666,38.4625,54.225,71.82249999999999,45183.333333333336,58403.333333333336,79997.5,112784.16666666667,149385.83333333334,11.306176287889679,0.47116726325951114
14,2012,19-3000,330344.74,330344.74,322952.57,7392.17,122977.84,207366.9,0.627728778124332,1229.48148148148,986.5,44.9177489177489,45,121.297707661396,123,14,40.7325,84722.5,21.045833333333334,27.895,37.281666666666666,49.3525,62.2725,43775,58020.833333333336,77543.33333333333,102653.33333333333,129525.83333333333,11.244943259321245,0.42318079698318256
15,2012,19-4000,303132.31,303132.31,288936.95,14195.36,153451.11,149681.2,0.493781741708761,766.290322580645,568.5,38.7564766839378,37.5,95.3974531781188,92,15,24.418333333333333,50788.333333333336,13.8675,17.111666666666668,22.215,29.15833333333333,37.7875,28844.166666666668,35592.5,46207.5,60646.666666666664,78596.66666666667,10.755071039935768,0.3919568026341097
16,2012,21-1000,1881407.96,1872817.8,1762231.95,110585.85,484012.76,1388805.04,0.741559077450033,866.646408839779,804,42.7203791469194,41,105.974319621481,111,16,23.878333333333334,49665.833333333336,13.205833333333333,16.591666666666665,21.620833333333334,28.961666666666666,37.57,27465,34511.666666666664,44969.166666666664,60240,78145,10.731173204270686,0.40904194705247854
17,2012,21-2000,589971.56,584258.14,564101.88,20156.26,386844.69,197413.45,0.337887376288844,856.859649122807,776,49.8988439306358,52,109.156475492151,123,17,24.245,50430.833333333336,11.366666666666667,15.424166666666666,21.769166666666667,29.4775,39.630833333333335,23645.833333333332,32085,45279.166666666664,61309.166666666664,82431.66666666667,10.702219602338603,0.4856550206522623
18,2012,23-1000,1207686.79,1206097.12,1182629.24,23467.88,840758.700000001,365338.42,0.302909619749361,1909.10185185185,1923,46.888166449935,48,122.652712071811,124,18,67.77833333333334,140983.33333333334,27.058333333333334,37.71333333333333,57.77916666666667,85.99166666666667,99.16666666666667,56278.333333333336,78441.66666666667,120179.16666666667,178865.83333333334,206266.66666666666,11.64724615337317,0.5293743800756352
19,2012,23-2000,637489.61,637489.61,597265.05,40224.56,108126.01,529363.6,0.830387808202866,885.984615384615,805.5,42.70737913486,43,95.6264334410094,92,19,27.240833333333335,56658.333333333336,15.4625,19.243333333333332,24.915,32.33833333333333,42.3275,32161.666666666668,40026.666666666664,51820,67264.16666666667,88041.66666666667,10.866662315240081,0.3911395657981237
20,2012,25-1000,1378423.2,1367944.46,1325485.02,42459.44,716671.13,651273.330000001,0.476096324846405,1077.4064516129,971,44.1322404371585,43,117.977478149953,123,20,41.219551282051285,85736.66666666667,16.75801282051282,24.158653846153847,33.975160256410255,50.52043269230769,74.56770833333333,34856.666666666664,50250,70668.33333333333,105082.5,155100.83333333334,11.192770025280167,0.57472043103841
21,2012,25-2000,5302435.57,5242079.12,5083679.7,158399.42,1112069.14,4130009.97999999,0.787857238598871,907.257679180887,855,42.9057908383751,43,112.426181232457,111,21,28.896634615384617,60105,16.483974358974358,21.35096153846154,27.321314102564102,35.12860576923077,44.42988782051282,34286.666666666664,44410,56828.333333333336,73067.5,92414.16666666667,10.944939320157616,0.3829976052661342
22,2012,25-3000,818938.65,809551.62,779524.85,30026.77,291244.44,518307.18,0.640239815714284,625.973333333333,455,41.4354527938343,39,97.7193380083657,111,22,19.925833333333333,41448.333333333336,9.829166666666666,12.0925,16.1575,23.6075,33.931666666666665,20443.333333333332,25152.5,33609.166666666664,49103.333333333336,70576.66666666667,10.489363175768913,0.48612497145096745
23,2012,25-4000,317725.98,312408.84,306723.63,5685.21,55496.32,256912.52,0.822359956267563,762.65,644,45.9289617486339,50,107.716069045934,111,23,24.928333333333335,51853.333333333336,12.1875,16.484166666666667,23.17,30.905833333333334,39.5725,25350,34287.5,48194.166666666664,64282.5,82309.16666666667,10.751068777299333,0.4608781150014916
24,2012,25-9000,1154148.16,1150962.3,1090652.37,60309.93,130341.12,1020621.18,0.88675465738539,529.587719298246,380.5,43.0628078817734,44,91.5881352499557,81,24,16.729567307692307,34797.5,9.485576923076923,11.29647435897436,14.171875,19.165865384615383,27.16025641025641,19730,23496.666666666668,29477.5,39865,56493.333333333336,10.356204785115256,0.4064089920314126
25,2012,27-1000,1126813.79,1107624.33,1052722.44,54901.89,533355.29,574269.04,0.518469145581156,911.012048192771,895.5,44.0647590361446,43,99.5597561584804,111,25,26.923333333333332,56002.5,11.843333333333334,15.2975,22.33416666666667,33.51833333333333,47.465833333333336,24634.166666666668,31822.5,46455.833333333336,69712.5,98728.33333333333,10.77566760049319,0.5502372315193748
26,2012,27-2000,679231.1,659840.4,576900.6,82939.8,422040.82,237799.58,0.360389542683352,768.93023255814,440.5,39.3324675324675,37,96.6600051770096,92,26,31.375833333333333,65256.666666666664,10.106666666666666,13.1825,21.299166666666665,35.67333333333333,61.91083333333333,21021.666666666668,27417.5,44302.5,74198.33333333333,128774.16666666667,10.770270912720564,0.7138464471261384
27,2012,27-3000,860073.93,849812.360000001,804454.690000001,45357.67,362046.21,487766.15,0.573969234808493,1063.01408450704,952,43.2074074074074,44,106.117710843838,111,27,32.48583333333333,67572.5,14.075833333333334,19.66,27.738333333333333,38.858333333333334,53.97666666666667,29280,40894.166666666664,57693.333333333336,80821.66666666667,112270.83333333333,10.958993865540801,0.5201705531447881
28,2012,27-4000,337824.58,334850.49,302800.75,32049.74,244501.81,90348.68,0.269817971596816,826.461538461538,593,39.0261780104712,36,95.8520845825849,92,28,27.115000000000002,56400.833333333336,11.455833333333333,15.350833333333334,22.309166666666666,33.6625,47.45333333333333,23827.5,31926.666666666668,46401.666666666664,70016.66666666667,98702.5,10.770247467892123,0.5605039144270937
29,2012,29-1000,1692408.3,1681100.03,1654731.35,26368.68,936569.95,744530.08,0.442882676053489,1699.37908496732,1519,45.7626811594203,46,119.599444727867,124,29,49.7725,103527.5,25.42,30.506666666666668,39.22083333333333,55.71666666666667,87.55666666666667,52874.166666666664,63452.5,81580.83333333333,115890,182120,11.403176898154229,0.47471239666058784
30,2012,29-2000,2464567.2,2448553.92,2340207.09,108346.83,477399.08,1971154.84,0.805028153106794,763.013333333333,720,41.4052631578947,41,90.917869650181,91,30,23.175833333333333,48206.666666666664,13.190833333333334,16.395833333333332,21.338333333333335,28.175,36.1875,27440,34102.5,44385.833333333336,58602.5,75270,10.712985649888939,0.39535415324759254
31,2012,29-9000,64193.81,64193.81,64193.81,0,23575.99,40617.82,0.632737330904646,1063.33333333333,830.5,40.6382978723404,37,102.780500487508,111,31,29.836666666666666,62060.833333333336,15.325833333333334,19.916666666666668,27.325,37.145,47.79333333333334,31879.166666666668,41427.5,56835.833333333336,77260.83333333333,99410,10.942256174234887,0.4476873566610279
32,2012,31-1000,2312591.21,2289891.01,2101160.39,188730.62,270421.27,2019469.74,0.881906488641134,411.399061032864,390.5,40.5857431069267,41,78.1848800917384,73,32,12.44,25878.571428571428,8.911428571428571,10.087142857142858,11.758571428571429,14.23,17.292857142857144,18535.714285714286,20980,24457.14285714286,29597.14285714286,35974.28571428572,10.133889982922947,0.2579257055548636
33,2012,31-2000,101866.38,101866.38,91871.51,9994.87,30360.44,71505.94,0.701958192683396,582.4,267.5,36.2063492063492,29,94.4722479585512,92,33,24.08,50088.333333333336,11.524166666666666,15.101666666666667,24.58416666666667,30.905833333333334,36.94,23972.5,31410,51136.666666666664,64283.333333333336,76836.66666666667,10.720458837691423,0.4710247941039197
34,2012,31-9000,1508962.76,1486477.8,1396334.96,90142.84,150311.21,1336166.59,0.898880958733457,514.2,500,38.3612288135593,36,84.7632560405546,81,34,17.683333333333334,36779.166666666664,11.78,13.896666666666667,16.8075,20.316666666666666,24.614166666666666,24498.333333333332,28906.666666666668,34956.666666666664,42254.166666666664,51199.166666666664,10.46699783105586,0.2862503614333247
35,2012,33-1000,321239.17,321239.17,317200.56,4038.61,251329.11,69910.06,0.217626200441248,1140.13513513514,1106,46.127358490566,47,91.8322886651713,91,35,36.346666666666664,75599.16666666667,18.128333333333334,24.191666666666666,33.85333333333333,46.034166666666664,58.80166666666666,37705.833333333336,50322.5,70415.83333333333,95754.16666666667,122308.33333333333,11.141958193227806,0.4629646083387676
36,2012,33-2000,320669.82,317693.83,307500.96,10192.87,301283.64,16410.19,0.0516541035751308,1038.18181818182,1000,40.3809523809524,38,89.3784180196386,81,36,25.585833333333333,53216.666666666664,12.306666666666667,16.6275,23.991666666666667,32.4,41.240833333333335,25595,34584.166666666664,49897.5,67389.16666666667,85777.5,10.77935625801049,0.47675361802961846
37,2012,33-3000,1222192.61,1210650.12,1175823.92,34826.2,1009875.18,200774.94,0.165840598107734,1123.29411764706,920,40.9734513274336,40,92.1058161543814,91,37,29.45916666666667,61270.833333333336,16.08416666666667,19.975833333333334,26.93916666666667,36.79,46.56166666666667,33456.666666666664,41548.333333333336,56030,76522.5,96848.33333333333,10.942500626005252,0.4229426173730035
38,2012,33-9000,1489709.62,1452712.27,1258246.43,194465.84,1054129.17,398583.1,0.274371675817125,628.597014925373,480,42.2303370786517,40,83.4767370692067,81,38,15.613333333333333,32475,9.813333333333333,11.389166666666666,13.776666666666667,18.0225,23.743333333333332,20410,23688.333333333332,28655.833333333332,37486.666666666664,49385,10.319754622399032,0.34377341791136723
39,2012,35-1000,949683.939999999,945748.959999999,889118.119999999,56630.84,579315.55,366433.41,0.387453146128757,598.221052631579,480.5,38.525641025641,36,79.7575590038186,81,39,18.309166666666666,38084.166666666664,10.868333333333334,12.936666666666667,16.390833333333333,22.048333333333332,28.531666666666666,22604.166666666668,26905.833333333332,34090,45860,59343.333333333336,10.477438183188907,0.38063800546015825
40,2012,35-2000,3123553.49,3099261.31000001,2764303.39,334957.92,1751596.72,1347664.59,0.434834128265228,340.222641509434,312,36.4755102040816,33,69.5311934313791,73,40,12.599166666666667,26204.166666666668,8.9591666666666665,10.253333333333334,12.0175,14.275,17.121666666666666,18634.166666666668,21331.666666666668,24992.5,29690.833333333332,35613.333333333336,10.141220022077768,0.251061478587514
41,2012,35-3000,3667358.44,3595003.95,3234589.41,360414.54,1144875.96,2450127.99,0.681536939618661,365.104956268222,310,32.4460028050491,27,78.3290831154719,81,41,11.755,24450,8.5025,9.373333333333333,10.749166666666667,12.556666666666667,16.245833333333334,17685.833333333332,19493.333333333332,22355,26118.333333333332,33790.833333333336,10.054297986137518,0.24484720388828254
42,2012,35-9000,982698.8,968606.47,843026.68,125579.79,598786.56,369819.91,0.381806152915745,305.794117647059,260,32.4473684210526,25,68.7691040820737,73,42,11.496666666666666,23911.666666666668,8.650833333333333,9.600833333333334,11.016666666666666,12.5525,14.875,17991.666666666668,19970.833333333332,22913.333333333332,26111.666666666668,30938.333333333332,10.049811026077174,0.20873153300285388
43,2012,37-1000,555510.03,552190.72,495271.08,56919.64,385443.33,166747.39,0.301974270773692,725.941176470588,530,45.3454038997214,47,77.1994287589621,73,43,22.106666666666666,45980.833333333336,13.07,16.051666666666666,20.59166666666667,26.761666666666667,33.67,27187.5,33386.666666666664,42830.833333333336,55665,70032.5,10.675051914769076,0.3712855844674078
44,2012,37-2000,4296676.29000001,4244934.86000001,3804518.20000001,440416.66,2025975.92,2218958.94,0.522730975428914,427.119480519481,374,44.7015796703297,46,66.5936921844779,73,44,13.701666666666666,28496.666666666668,9.3325,10.554166666666667,12.519166666666667,15.688333333333333,20.03,19408.333333333332,21950,26039.166666666668,32633.333333333332,41664.166666666664,10.21356471680336,0.2971680578842502
45,2012,37-3000,1390773.49,1362395.68,1139520.09,222875.59,1287895.22,74500.46,0.0546834235410964,463.871428571429,423,39.7151589242054,39,62.925358967668,73,45,15.315833333333334,31858.333333333332,10.329166666666666,11.93,14.245000000000001,17.548333333333332,21.895833333333332,21483.333333333332,24816.666666666668,29629.166666666668,36501.666666666664,45540.833333333336,10.324459164735428,0.2915918214952923
46,2012,39-1000,372146.94,364477.73,350753.87,13723.86,153891.11,210586.62,0.577776370589226,838.105263157895,600,42.1729957805907,42.5,87.066459561192,81,46,20.92,43514.166666666664,12.125833333333333,14.945833333333333,19.385833333333334,25.391666666666666,32.00833333333333,25218.333333333332,31087.5,40324.166666666664,52816.666666666664,66575.83333333333,10.613054570389655,0.3818189530796784
47,2012,39-2000,266947.15,265745.42,238640.19,27105.23,75888.66,189856.76,0.714430976834897,414.08,373.5,37.8255813953488,36,82.385701623757,81,47,13.031666666666666,27105,9.063333333333334,10.170833333333334,11.7425,14.315000000000001,18.813333333333333,18850.833333333332,21154.166666666668,24425,29775.833333333332,39133.333333333336,10.156689865457539,0.2781297063722071
48,2012,39-3000,350848.67,341976.64,291252.8,50723.84,185526.31,156450.33,0.457488353590467,574.935483870968,259,38.4533333333333,32.5,82.6409284563998,81,48,11.903333333333334,24762.5,8.548333333333334,9.419166666666666,10.833333333333334,12.8575,16.4925,17779.166666666668,19590.833333333332,22532.5,26742.5,34303.333333333336,10.065664165469018,0.25083338214903483
49,2012,39-4000,58626.28,58626.28,53622.77,5003.51,40198.05,18428.23,0.314333947164992,894.25,661.5,47.3055555555556,49,98.6661326626898,111,49,19.244,40029,10.020999999999999,11.929,15.853,23.393,33.02,20841,24811,32973,48654,68676,10.479361712333876,0.47261820612683053
50,2012,39-5000,1262608.05,1256086.46,1187166.9,68919.56,185934.75,1070151.71,0.851972968484988,419.025,389,40.7440401505646,39,79.5200890550162,81,50,15.185833333333333,31585.833333333332,9.186666666666666,10.545,12.6625,17.10333333333333,24.186666666666667,19113.333333333332,21931.666666666668,26339.166666666668,35571.666666666664,50307.5,10.26757095921443,0.37344009068673606
51,2012,39-6000,58609.25,58609.25,54116.11,4493.14,47378.86,11230.39,0.191614634208764,379,215,43.452380952381,47,80.1940429198463,73,51,14.64,30446.666666666668,9.628333333333334,11.108333333333333,13.264166666666666,16.848333333333333,21.801666666666666,20027.5,23102.5,27586.666666666668,35042.5,45347.5,10.272814556762434,0.3166800058552493
52,2012,39-7000,39575.54,38409.15,26326.96,12082.19,30537.21,7871.94,0.204949601852684,327.5,225,47.1851851851852,29.5,83.5674476003765,73,52,14.865833333333333,30920.833333333332,9.444166666666668,10.880833333333333,13.35,17.21333333333333,22.226666666666667,19643.333333333332,22631.666666666668,27767.5,35800,46232.5,10.274272338003547,0.3352524436033327
53,2012,39-9000,3107446.06,3047173.54,2787453.65,259719.89,432416.91,2614756.63,0.858092457051199,365.511111111111,282,40.3222862632085,39,80.0664925142399,81,53,13.56,28204,9.001,10.256,12.034,14.825,19.876,18720,21332,25028,30835,41340,10.179810663906336,0.30129162624288464
54,2012,41-1000,4620277.17000001,4596457.37,4387693.59,208763.78,2823196.97,1773260.4,0.38578850128659,865.421487603306,694,43.3070175438597,43,87.8818871608505,81,54,25.28,52579.166666666664,12.850833333333334,15.965,20.941666666666666,28.979166666666668,42.11083333333333,26732.5,33203.333333333336,43559.166666666664,60275.833333333336,87588.33333333333,10.734601189133867,0.4584655372953138
55,2012,41-2000,7358560.36000001,7235160.41000001,6410287.03,824873.379999999,2822289.86,4412870.55000001,0.609920209080755,447.121451104101,311,35.3852035079829,30,80.9288280562115,81,55,13.093333333333334,27235.833333333332,9.001666666666667,10.061666666666667,11.5825,13.984166666666667,18.636666666666667,18719.166666666668,20926.666666666668,24091.666666666668,29085.833333333332,38759.166666666664,10.143766625369736,0.2753044989763509
56,2012,41-3000,1750716.19,1740995.66,1615305.47,125690.19,1088364.2,652631.46,0.374861049337711,1093.94202898551,814,43.172281039461,42,96.8182304314303,111,56,35.08,72966.66666666667,13.781666666666666,18.365833333333335,26.55,40.9975,65.755,28666.666666666668,38202.5,55221.666666666664,85273.33333333333,136770,10.982586043147517,0.6065141340308013
57,2012,41-4000,1289421.51,1275643.06,1204251.6,71391.46,911156.179999999,364486.88,0.285727952770739,1210.69911504425,1336.5,43.5966921119593,44,95.082932877791,92,57,36.016666666666666,74915,15.0475,20.906666666666666,29.965833333333332,44.28333333333333,63.31333333333333,31299.166666666668,43480.833333333336,62330,92111.66666666667,131695.83333333334,11.058125505331393,0.5597150363376029
58,2012,41-9000,1385061.13,1372598.82,1271936.14,100662.68,613792.01,758806.81,0.552824903346486,777.590909090909,588.5,45.310303030303,46,91.5263404787133,81,58,24.98,51959.166666666664,10.237499999999999,12.309166666666666,17.052500000000002,29.266666666666666,50.005833333333335,21294.166666666668,25604.166666666668,35471.666666666664,60874.166666666664,104012.5,10.632403779077967,0.6238429214532591
59,2012,43-1000,1505566.03,1503739.82,1429584,74155.82,486667.3,1017072.52,0.676362031830746,884.716129032258,781,44.1915125136017,45,89.559794233553,81,59,28.544999999999998,59375.833333333336,16.440833333333334,20.745833333333334,26.7875,34.24666666666667,43.165,34199.166666666664,43149.166666666664,55718.333333333336,71230.83333333333,89783.33333333333,10.923855030330117,0.37549218274609847
60,2012,43-2000,89095.15,89095.15,82550.58,6544.57,24984.47,64110.68,0.719575420210864,631.222222222222,629,41.3636363636364,41.5,85.7244289952932,81,60,15.734166666666667,32727.5,10.4025,12.140833333333333,14.4675,17.926666666666666,23.114166666666666,21640,25250,30090,37287.5,48075.833333333336,10.347555334088893,0.30656364234750555
61,2012,43-3000,2829534.08,2801207.58999999,2603756.2,197451.39,428101.54,2373106.05,0.847172504626835,597.182142857143,577,43.7840845854201,45,85.7091605624274,81,61,19.125833333333333,39781.666666666664,12.046666666666667,14.669166666666667,18.070833333333333,22.581666666666667,27.7625,25055,30510.833333333332,37584.166666666664,46967.5,57744.166666666664,10.54199853698066,0.32446012795120865
62,2012,43-4000,2974776.73999999,2942233.90999999,2660887.74999999,281346.16,881010.49,2061223.42,0.700564089413272,584.386029411765,539,38.7179487179487,37,86.3819031845776,81,62,17.31,36004.166666666664,10.665,12.8275,16.060833333333335,20.470833333333335,25.883333333333333,22181.666666666668,26681.666666666668,33405.833333333336,42579.166666666664,53837.5,10.433617015745018,0.3460635693611209
63,2012,43-5000,3673405.44,3628522.05,3297823.71,330698.34,2284854.97,1343667.08,0.370306990417765,651.927536231884,540,40.6771402550091,40,78.9456728614891,73,63,18.804166666666667,39111.666666666664,11.202499999999999,13.307500000000001,17.008333333333333,23.1825,29.778333333333332,23299.166666666668,27679.166666666668,35375.833333333336,48215.833333333336,61938.333333333336,10.515145930505847,0.3879605101619039
64,2012,43-6000,3266897.54999999,3232879.28999999,3003803.62,229075.67,144848.27,3088031.02,0.955195274241124,667.729299363057,614,45.2034229828851,48,86.7615668662967,81,64,20.385,42399.166666666664,12.130833333333333,14.959166666666667,18.754166666666666,24.186666666666667,30.71,25234.166666666668,31114.166666666668,39004.166666666664,50306.666666666664,63873.333333333336,10.58866931330963,0.3609993975157497
65,2012,43-9000,2299562.07,2266060.11,2026681.34,239378.77,516756.32,1749303.79,0.771958246950475,586.917948717949,545,41.0327868852459,42,85.8776546973414,81,65,17.27,35920.833333333336,10.3675,12.619166666666667,16.134166666666665,20.531666666666666,25.801666666666666,21565,26250.833333333332,33558.333333333336,42706.666666666664,53668.333333333336,10.425601829090596,0.3568145214153654
66,2012,45-1000,51723.21,50637.92,48159.08,2478.84,45271.23,5366.69,0.105981643795796,600.5,387.5,47.675,49.5,73.5326466805903,77,66,24.798333333333332,51579.166666666664,14.175833333333333,17.4825,23.037499999999998,30.17,37.718333333333334,29480.833333333332,36362.5,47918.333333333336,62754.166666666664,78451.66666666667,10.777452125439293,0.38677364085270427
67,2012,45-2000,958873.730000001,937592.130000002,740334.81,197257.32,682073.84,255518.29,0.272526060985601,449.771084337349,384.5,38.0732064421669,36,55.6234556704308,73,67,13.485,28048.333333333332,10.45,11.3075,12.115833333333333,14.296666666666667,18.636666666666667,21733.333333333332,23516.666666666668,25200.833333333332,29735,38760.833333333336,10.210389023467517,0.21448993872564823
68,2012,45-3000,32477.15,32165.33,30179.73,1985.6,29589.56,2575.77,0.0800790789337464,294,288,46.4666666666667,54,64.9987697934391,71,68,16.27166666666667,33848.333333333336,9.55,11.598333333333333,15.008333333333333,19.888333333333335,25.478333333333335,19860,24121.666666666668,31213.333333333332,41370,52993.333333333336,10.36883239517079,0.3865998463628478
69,2012,45-4000,94346.27,92411.2,58126.11,34285.09,90718.08,1693.12,0.0183215887251762,460.75,360,42.7727272727273,40,64.9355160413456,73,69,19.251666666666665,40043.333333333336,11.426666666666666,14.221666666666666,18.34166666666667,22.940833333333334,27.944166666666668,23769.166666666668,29580,38151.666666666664,47717.5,58123.333333333336,10.532739783062668,0.3500854466814935
70,2012,47-1000,740723.79,737468.18,676493.32,60974.86,711697.2,25770.98,0.0349452094326294,1214.8,1078,44.8943089430894,46,78.258089657509,73,70,33.8675,70443.33333333333,20.206666666666667,25.225,31.7425,40.71,50.70166666666667,42030,52468.333333333336,66026.66666666667,84677.5,105455,11.104912560465182,0.3580151229629747
71,2012,47-2000,4246817.09,4190275.15,3363809.50000001,826465.65,4104923.31,85351.84,0.0203690299430575,759.064189189189,600,40.6991150442478,39,68.1117380967214,73,71,24.038333333333334,49998.333333333336,13.339166666666667,16.509166666666665,21.366666666666667,29.214166666666667,38.86083333333333,27745.833333333332,34335.833333333336,44441.666666666664,60766.666666666664,80832.5,10.73832991186738,0.41848551587206645
72,2012,47-3000,59252.21,58675.55,45616.07,13059.48,55411.95,3263.6,0.0556211232787762,461.25,430,33.7179487179487,30.5,60.683951663001,73,72,15.990833333333333,33263.333333333336,10.92,12.660833333333333,15.183333333333334,18.395,22.138333333333332,22714.166666666668,26332.5,31585,38263.333333333336,46046.666666666664,10.371879781490591,0.27599115411037894
73,2012,47-4000,381545.8,373817.32,334998.94,38818.38,358092.72,15724.6,0.0420649316088404,962.48,820,43.931330472103,45,78.2980471316846,73,73,24.15,50230.833333333336,13.38,16.69,21.63,29.084166666666665,38.81166666666667,27827.5,34714.166666666664,44986.666666666664,60495,80728.33333333333,10.742393095005736,0.4147110177756011
74,2012,47-5000,236486.82,236328.67,217545.7,18782.97,233203.58,3125.09,0.0132234908274142,1035.25806451613,956,37.2798165137615,34,72.3215010265153,73,74,23.49,48857.5,14.288333333333334,17.205000000000002,21.605,27.84,34.97083333333333,29718.333333333332,35785.833333333336,44938.333333333336,57904.166666666664,72735,10.731799171265285,0.35084291330711465
75,2012,49-1000,294408.88,289067.56,286447.78,2619.78,276574.98,12492.58,0.043216817549503,1031.30434782609,940.5,45.4860335195531,48,80.9632152774251,73,75,33.375,69420,19.4075,24.63083333333333,32.0125,40.5875,49.719166666666666,40363.333333333336,51232.5,66584.16666666667,84422.5,103413.33333333333,11.089221388284605,0.3677518307124359
76,2012,49-2000,727186.04,725402.03,668685.56,56716.47,671058.85,54343.18,0.0749145684083625,922.25,840,41.1018099547511,39,86.3566013869577,81,76,25.803333333333335,53670,14.249166666666666,18.266666666666666,24.800833333333333,32.55166666666667,39.0375,29640.833333333332,37997.5,51584.166666666664,67708.33333333333,81197.5,10.824151635795738,0.40077635267398287
77,2012,49-3000,1872082.63,1851861.19,1732390.49,119470.7,1830851.15,21010.04,0.0113453643898655,869.133757961783,764.5,40.6731914893617,41,76.7311012819487,73,77,22.351666666666667,46489.166666666664,12.157499999999999,15.640833333333333,20.88083333333333,27.5625,34.4,25285.833333333332,32529.166666666668,43429.166666666664,57331.666666666664,71552.5,10.668314726328015,0.4089278458121608
78,2012,49-9000,2096532.78,2073807.77,1920687.38,153120.39,1976402.62,97405.15,0.0469692280109453,856.086757990868,769,42.3150684931507,42,78.3130592234208,73,78,22.543333333333333,46890.833333333336,12.445833333333333,15.848333333333333,20.843333333333334,27.731666666666666,35.339166666666664,25889.166666666668,32963.333333333336,43350.833333333336,57685,73503.33333333333,10.68193013815423,0.40879784704344335
79,2012,51-1000,941144.47,936070.75,900702.83,35367.92,731192.049999999,204878.7,0.218870956068225,954.824561403509,865,45.6164874551971,47,80.7617024888343,73,79,30.575833333333332,63599.166666666664,17.37,21.986666666666668,28.569166666666668,36.818333333333335,46.751666666666665,36127.5,45733.333333333336,59420.833333333336,76580,97241.66666666667,10.989767659838538,0.38540472447725593
80,2012,51-2000,1356575.77,1345473.94,1183432.89,162041.05,793038.420000001,552435.52,0.410588048996326,657.845360824742,555,42.3239263803681,42,72.5258535665134,73,80,17.161666666666665,35694.166666666664,10.940833333333334,12.775,15.866666666666667,20.109166666666667,26.02916666666667,22754.166666666668,26572.5,33000,41825,54138.333333333336,10.432989165562393,0.33776628422629135
81,2012,51-3000,790912.029999999,784420.179999999,675789.689999999,108630.49,473106.06,311314.12,0.396871635811307,539.029850746269,440,40.2332155477032,38,69.2502212143498,73,81,14.698333333333334,30575.833333333332,10.090833333333332,11.631666666666666,13.785,16.8975,20.7525,20989.166666666668,24191.666666666668,28671.666666666668,35148.333333333336,43161.666666666664,10.289846083135178,0.2803347784308469
82,2012,51-4000,893316.21,890461,822237.11,68223.89,815112.25,75348.75,0.0846176867936945,821.574712643678,840,43.6235741444867,46,75.432797180337,73,82,20.050833333333333,41704.166666666664,12.486666666666666,15.156666666666666,18.975,23.790833333333335,29.36,25973.333333333332,31530,39466.666666666664,49485,61069.166666666664,10.58718387357257,0.333679282615799
83,2012,51-5100,270647.82,265627.53,247959,17668.53,182813.02,82814.51,0.311769303430258,662.606060606061,544,42.735632183908,44,76.0928551720523,73,83,18.523333333333333,38526.666666666664,11.264166666666666,13.714166666666667,17.4525,22.2775,27.616666666666667,23430,28524.166666666668,36300.833333333336,46335,57436.666666666664,10.504393306597228,0.35196242402067246
84,2012,51-6000,750181.15,745242.16,671163.96,74078.2,275297.38,469944.78,0.630593389939184,397.803921568627,350,45.4456066945607,47,61.5094422060073,73,84,13.535833333333333,28155,9.3675,10.624166666666667,12.508333333333333,15.374166666666667,19.093333333333334,19482.5,22095,26016.666666666668,31982.5,39712.5,10.201847319265397,0.27704710055402254
85,2012,51-7000,147310.48,147310.48,134178.53,13131.95,127860.65,19449.83,0.13203290084996,544.5,352,42.6063829787234,45,74.6426523761242,73,85,16.47833333333333,34271.666666666664,10.715833333333334,12.706666666666667,15.556666666666667,19.33416666666667,23.628333333333334,22287.5,26430,32358.333333333332,40215.833333333336,49149.166666666664,10.396658873461883,0.3091146380850982
86,2012,51-8000,261753,261753,250383.12,11369.88,253381.03,8371.97,0.031984237047904,1058.18181818182,940,47.0213903743316,48,80.4703426512781,73,86,29.925833333333333,62246.666666666664,16.340833333333332,21.30666666666667,28.575833333333332,37.721666666666664,45.73916666666667,33988.333333333336,44317.5,59435.833333333336,78463.33333333333,95137.5,10.971805058702365,0.4063327227231479
87,2012,51-9000,1213832.61,1202300.68,1087196.22,115104.46,824484.78,377815.9,0.314244104062222,815.316666666667,755.5,43.70703125,46,79.6231072413601,73,87,18.11916666666667,37685,11.03,12.975833333333334,16.52166666666667,21.47,27.655833333333334,22941.666666666668,26988.333333333332,34365,44658.333333333336,57523.333333333336,10.471081205001264,0.3618313675134983
88,2012,53-1000,199358.77,198068.64,187101.01,10967.63,153388.78,44679.86,0.22557765833097,880.705882352941,595,43.6488549618321,44,84.0307997772893,81,88,27.27,56723.333333333336,15.983333333333334,19.688333333333333,25.826666666666668,33.14333333333333,40.32833333333333,33245,40949.166666666664,53716.666666666664,68939.16666666667,83883.33333333333,10.88027739443884,0.36652695012938963
89,2012,53-2000,245520.66,244488.62,240286.15,4202.47,166376.7,78111.92,0.319491025799074,1785.55172413793,1510,46.4782608695652,48,100.28279905216,111,89,49.65625,103285,17.38661858974359,24.622996794871796,37.046875,63.52644230769231,93.046875,36164.166666666664,51215.833333333336,77057.5,132135,193537.5,11.311348239446504,0.664885382034205
90,2012,53-3000,4450670.11,4409925.84,4029773.01000001,380152.83,3913094.34000001,496831.5,0.112662098644271,715.132394366197,600,45.7379162191192,47,75.1795954623126,73,90,19.33,40206.666666666664,10.386666666666667,13.499166666666667,18.285,23.701666666666668,30.07,21604.166666666668,28078.333333333332,38030,49299.166666666664,62545.833333333336,10.523768587250693,0.415289618969118
91,2012,53-4000,104788.82,104788.82,104788.82,0,102482.76,2306.06,0.0220067369782387,948.214285714286,746,42.4305555555556,41,82.4502834367254,81,91,30.113333333333333,62634.166666666664,20.139166666666668,24.821666666666665,29.375833333333333,35.24,41.00833333333333,41888.333333333336,51626.666666666664,61098.333333333336,73300.83333333333,85297.5,11.014204757738085,0.27363400001565663
92,2012,53-5000,66862.12,66862.12,63931.37,2930.75,60730.31,6131.81,0.0917082796656762,1466.375,634,43.3023255813954,42.5,83.2925858468143,73,92,33.19833333333334,69050.83333333333,13.696666666666667,19.005,27.383333333333333,40.774166666666666,57.93833333333333,28490,39528.333333333336,56956.666666666664,84808.33333333333,120509.16666666667,10.967951526586228,0.5633661819018988
93,2012,53-6000,273654.36,272098.65,238467.01,33631.64,227251.43,44847.22,0.164819707852281,547.342857142857,450,40.8994413407821,39,74.8717983349054,73,93,15.554166666666667,32353.333333333332,9.55,10.786666666666667,12.621666666666666,16.325,25.7975,19863.333333333332,22436.666666666668,26255,33954.166666666664,53659.166666666664,10.282773748884285,0.37024256909061865
94,2012,53-7000,4077451.29,4011501.88,3388272.99,623228.889999999,3192904.25,818597.63,0.204062631524929,519.14375,456,38.2200081333876,37,70.9788541517523,73,94,15.220833333333333,31659.166666666668,10.090833333333332,11.534166666666668,13.810833333333333,17.619166666666665,22.360833333333332,20990,23993.333333333332,28724.166666666668,36649.166666666664,46508.333333333336,10.311871910755714,0.3111859757027316
