,DATE,JTSJOL,JOBOPENINGS,FD_JOBOPENINGS,PAYEMS,EMPLOYMENT,FD_EMPLOYMENT,TARGET_DEMAND
0,1939-01-01,,,,29923,29923,,
1,1939-02-01,,,,30100,30100,177.0,
2,1939-03-01,,,,30280,30280,180.0,
3,1939-04-01,,,,30094,30094,-186.0,
4,1939-05-01,,,,30299,30299,205.0,
5,1939-06-01,,,,30502,30502,203.0,
6,1939-07-01,,,,30419,30419,-83.0,
7,1939-08-01,,,,30663,30663,244.0,
8,1939-09-01,,,,31031,31031,368.0,
9,1939-10-01,,,,31411,31411,380.0,
10,1939-11-01,,,,31470,31470,59.0,
11,1939-12-01,,,,31542,31542,72.0,
12,1940-01-01,,,,31603,31603,61.0,
13,1940-02-01,,,,31715,31715,112.0,
14,1940-03-01,,,,31825,31825,110.0,
15,1940-04-01,,,,31701,31701,-124.0,
16,1940-05-01,,,,31879,31879,178.0,
17,1940-06-01,,,,31977,31977,98.0,
18,1940-07-01,,,,31942,31942,-35.0,
19,1940-08-01,,,,32352,32352,410.0,
20,1940-09-01,,,,32810,32810,458.0,
21,1940-10-01,,,,33267,33267,457.0,
22,1940-11-01,,,,33669,33669,402.0,
23,1940-12-01,,,,34174,34174,505.0,
24,1941-01-01,,,,34481,34481,307.0,
25,1941-02-01,,,,34843,34843,362.0,
26,1941-03-01,,,,35092,35092,249.0,
27,1941-04-01,,,,35468,35468,376.0,
28,1941-05-01,,,,36182,36182,714.0,
29,1941-06-01,,,,36650,36650,468.0,
30,1941-07-01,,,,37137,37137,487.0,
31,1941-08-01,,,,37544,37544,407.0,
32,1941-09-01,,,,37835,37835,291.0,
33,1941-10-01,,,,37949,37949,114.0,
34,1941-11-01,,,,38024,38024,75.0,
35,1941-12-01,,,,38104,38104,80.0,
36,1942-01-01,,,,38347,38347,243.0,
37,1942-02-01,,,,38512,38512,165.0,
38,1942-03-01,,,,38935,38935,423.0,
39,1942-04-01,,,,39352,39352,417.0,
40,1942-05-01,,,,39771,39771,419.0,
41,1942-06-01,,,,40029,40029,258.0,
42,1942-07-01,,,,40472,40472,443.0,
43,1942-08-01,,,,40988,40988,516.0,
44,1942-09-01,,,,41259,41259,271.0,
45,1942-10-01,,,,41515,41515,256.0,
46,1942-11-01,,,,41674,41674,159.0,
47,1942-12-01,,,,41915,41915,241.0,
48,1943-01-01,,,,42172,42172,257.0,
49,1943-02-01,,,,42393,42393,221.0,
50,1943-03-01,,,,42552,42552,159.0,
51,1943-04-01,,,,42647,42647,95.0,
52,1943-05-01,,,,42596,42596,-51.0,
53,1943-06-01,,,,42781,42781,185.0,
54,1943-07-01,,,,42700,42700,-81.0,
55,1943-08-01,,,,42546,42546,-154.0,
56,1943-09-01,,,,42492,42492,-54.0,
57,1943-10-01,,,,42675,42675,183.0,
58,1943-11-01,,,,42821,42821,146.0,
59,1943-12-01,,,,42746,42746,-75.0,
60,1944-01-01,,,,42654,42654,-92.0,
61,1944-02-01,,,,42538,42538,-116.0,
62,1944-03-01,,,,42294,42294,-244.0,
63,1944-04-01,,,,42063,42063,-231.0,
64,1944-05-01,,,,41985,41985,-78.0,
65,1944-06-01,,,,41947,41947,-38.0,
66,1944-07-01,,,,41904,41904,-43.0,
67,1944-08-01,,,,41850,41850,-54.0,
68,1944-09-01,,,,41679,41679,-171.0,
69,1944-10-01,,,,41708,41708,29.0,
70,1944-11-01,,,,41711,41711,3.0,
71,1944-12-01,,,,41860,41860,149.0,
72,1945-01-01,,,,41895,41895,35.0,
73,1945-02-01,,,,41897,41897,2.0,
74,1945-03-01,,,,41798,41798,-99.0,
75,1945-04-01,,,,41446,41446,-352.0,
76,1945-05-01,,,,41304,41304,-142.0,
77,1945-06-01,,,,41149,41149,-155.0,
78,1945-07-01,,,,40874,40874,-275.0,
79,1945-08-01,,,,40466,40466,-408.0,
80,1945-09-01,,,,38507,38507,-1959.0,
81,1945-10-01,,,,38600,38600,93.0,
82,1945-11-01,,,,38996,38996,396.0,
83,1945-12-01,,,,39110,39110,114.0,
84,1946-01-01,,,,39829,39829,719.0,
85,1946-02-01,,,,39244,39244,-585.0,
86,1946-03-01,,,,40195,40195,951.0,
87,1946-04-01,,,,40913,40913,718.0,
88,1946-05-01,,,,41349,41349,436.0,
89,1946-06-01,,,,41735,41735,386.0,
90,1946-07-01,,,,42153,42153,418.0,
91,1946-08-01,,,,42642,42642,489.0,
92,1946-09-01,,,,42915,42915,273.0,
93,1946-10-01,,,,43093,43093,178.0,
94,1946-11-01,,,,43395,43395,302.0,
95,1946-12-01,,,,43379,43379,-16.0,
96,1947-01-01,,,,43535,43535,156.0,
97,1947-02-01,,,,43557,43557,22.0,
98,1947-03-01,,,,43607,43607,50.0,
99,1947-04-01,,,,43499,43499,-108.0,
100,1947-05-01,,,,43638,43638,139.0,
101,1947-06-01,,,,43810,43810,172.0,
102,1947-07-01,,,,43743,43743,-67.0,
103,1947-08-01,,,,43960,43960,217.0,
104,1947-09-01,,,,44203,44203,243.0,
105,1947-10-01,,,,44411,44411,208.0,
106,1947-11-01,,,,44484,44484,73.0,
107,1947-12-01,,,,44581,44581,97.0,
108,1948-01-01,,,,44679,44679,98.0,
109,1948-02-01,,,,44533,44533,-146.0,
110,1948-03-01,,,,44683,44683,150.0,
111,1948-04-01,,,,44379,44379,-304.0,
112,1948-05-01,,,,44796,44796,417.0,
113,1948-06-01,,,,45034,45034,238.0,
114,1948-07-01,,,,45160,45160,126.0,
115,1948-08-01,,,,45178,45178,18.0,
116,1948-09-01,,,,45294,45294,116.0,
117,1948-10-01,,,,45245,45245,-49.0,
118,1948-11-01,,,,45192,45192,-53.0,
119,1948-12-01,,,,45032,45032,-160.0,
120,1949-01-01,,,,44668,44668,-364.0,
121,1949-02-01,,,,44497,44497,-171.0,
122,1949-03-01,,,,44240,44240,-257.0,
123,1949-04-01,,,,44236,44236,-4.0,
124,1949-05-01,,,,43984,43984,-252.0,
125,1949-06-01,,,,43739,43739,-245.0,
126,1949-07-01,,,,43531,43531,-208.0,
127,1949-08-01,,,,43624,43624,93.0,
128,1949-09-01,,,,43780,43780,156.0,
129,1949-10-01,,,,42942,42942,-838.0,
130,1949-11-01,,,,43242,43242,300.0,
131,1949-12-01,,,,43522,43522,280.0,
132,1950-01-01,,,,43526,43526,4.0,
133,1950-02-01,,,,43297,43297,-229.0,
134,1950-03-01,,,,43954,43954,657.0,
135,1950-04-01,,,,44382,44382,428.0,
136,1950-05-01,,,,44718,44718,336.0,
137,1950-06-01,,,,45083,45083,365.0,
138,1950-07-01,,,,45454,45454,371.0,
139,1950-08-01,,,,46192,46192,738.0,
140,1950-09-01,,,,46438,46438,246.0,
141,1950-10-01,,,,46706,46706,268.0,
142,1950-11-01,,,,46776,46776,70.0,
143,1950-12-01,,,,46861,46861,85.0,
144,1951-01-01,,,,47288,47288,427.0,
145,1951-02-01,,,,47577,47577,289.0,
146,1951-03-01,,,,47873,47873,296.0,
147,1951-04-01,,,,47861,47861,-12.0,
148,1951-05-01,,,,47952,47952,91.0,
149,1951-06-01,,,,48064,48064,112.0,
150,1951-07-01,,,,48061,48061,-3.0,
151,1951-08-01,,,,48012,48012,-49.0,
152,1951-09-01,,,,47954,47954,-58.0,
153,1951-10-01,,,,48006,48006,52.0,
154,1951-11-01,,,,48147,48147,141.0,
155,1951-12-01,,,,48314,48314,167.0,
156,1952-01-01,,,,48296,48296,-18.0,
157,1952-02-01,,,,48522,48522,226.0,
158,1952-03-01,,,,48504,48504,-18.0,
159,1952-04-01,,,,48620,48620,116.0,
160,1952-05-01,,,,48642,48642,22.0,
161,1952-06-01,,,,48282,48282,-360.0,
162,1952-07-01,,,,48143,48143,-139.0,
163,1952-08-01,,,,48924,48924,781.0,
164,1952-09-01,,,,49320,49320,396.0,
165,1952-10-01,,,,49597,49597,277.0,
166,1952-11-01,,,,49816,49816,219.0,
167,1952-12-01,,,,50166,50166,350.0,
168,1953-01-01,,,,50144,50144,-22.0,
169,1953-02-01,,,,50339,50339,195.0,
170,1953-03-01,,,,50473,50473,134.0,
171,1953-04-01,,,,50435,50435,-38.0,
172,1953-05-01,,,,50490,50490,55.0,
173,1953-06-01,,,,50519,50519,29.0,
174,1953-07-01,,,,50536,50536,17.0,
175,1953-08-01,,,,50489,50489,-47.0,
176,1953-09-01,,,,50368,50368,-121.0,
177,1953-10-01,,,,50240,50240,-128.0,
178,1953-11-01,,,,49908,49908,-332.0,
179,1953-12-01,,,,49703,49703,-205.0,
180,1954-01-01,,,,49469,49469,-234.0,
181,1954-02-01,,,,49382,49382,-87.0,
182,1954-03-01,,,,49157,49157,-225.0,
183,1954-04-01,,,,49179,49179,22.0,
184,1954-05-01,,,,48965,48965,-214.0,
185,1954-06-01,,,,48895,48895,-70.0,
186,1954-07-01,,,,48835,48835,-60.0,
187,1954-08-01,,,,48826,48826,-9.0,
188,1954-09-01,,,,48886,48886,60.0,
189,1954-10-01,,,,48942,48942,56.0,
190,1954-11-01,,,,49180,49180,238.0,
191,1954-12-01,,,,49331,49331,151.0,
192,1955-01-01,,,,49496,49496,165.0,
193,1955-02-01,,,,49644,49644,148.0,
194,1955-03-01,,,,49962,49962,318.0,
195,1955-04-01,,,,50248,50248,286.0,
196,1955-05-01,,,,50512,50512,264.0,
197,1955-06-01,,,,50790,50790,278.0,
198,1955-07-01,,,,50987,50987,197.0,
199,1955-08-01,,,,51111,51111,124.0,
200,1955-09-01,,,,51266,51266,155.0,
201,1955-10-01,,,,51429,51429,163.0,
202,1955-11-01,,,,51592,51592,163.0,
203,1955-12-01,,,,51805,51805,213.0,
204,1956-01-01,,,,51975,51975,170.0,
205,1956-02-01,,,,52167,52167,192.0,
206,1956-03-01,,,,52294,52294,127.0,
207,1956-04-01,,,,52375,52375,81.0,
208,1956-05-01,,,,52506,52506,131.0,
209,1956-06-01,,,,52586,52586,80.0,
210,1956-07-01,,,,51955,51955,-631.0,
211,1956-08-01,,,,52631,52631,676.0,
212,1956-09-01,,,,52604,52604,-27.0,
213,1956-10-01,,,,52777,52777,173.0,
214,1956-11-01,,,,52821,52821,44.0,
215,1956-12-01,,,,52929,52929,108.0,
216,1957-01-01,,,,52887,52887,-42.0,
217,1957-02-01,,,,53097,53097,210.0,
218,1957-03-01,,,,53156,53156,59.0,
219,1957-04-01,,,,53238,53238,82.0,
220,1957-05-01,,,,53150,53150,-88.0,
221,1957-06-01,,,,53067,53067,-83.0,
222,1957-07-01,,,,53123,53123,56.0,
223,1957-08-01,,,,53128,53128,5.0,
224,1957-09-01,,,,52934,52934,-194.0,
225,1957-10-01,,,,52763,52763,-171.0,
226,1957-11-01,,,,52558,52558,-205.0,
227,1957-12-01,,,,52384,52384,-174.0,
228,1958-01-01,,,,52076,52076,-308.0,
229,1958-02-01,,,,51576,51576,-500.0,
230,1958-03-01,,,,51299,51299,-277.0,
231,1958-04-01,,,,51027,51027,-272.0,
232,1958-05-01,,,,50914,50914,-113.0,
233,1958-06-01,,,,50914,50914,0.0,
234,1958-07-01,,,,51039,51039,125.0,
235,1958-08-01,,,,51233,51233,194.0,
236,1958-09-01,,,,51506,51506,273.0,
237,1958-10-01,,,,51485,51485,-21.0,
238,1958-11-01,,,,51944,51944,459.0,
239,1958-12-01,,,,52085,52085,141.0,
240,1959-01-01,,,,52478,52478,393.0,
241,1959-02-01,,,,52688,52688,210.0,
242,1959-03-01,,,,53014,53014,326.0,
243,1959-04-01,,,,53321,53321,307.0,
244,1959-05-01,,,,53550,53550,229.0,
245,1959-06-01,,,,53681,53681,131.0,
246,1959-07-01,,,,53804,53804,123.0,
247,1959-08-01,,,,53336,53336,-468.0,
248,1959-09-01,,,,53428,53428,92.0,
249,1959-10-01,,,,53358,53358,-70.0,
250,1959-11-01,,,,53634,53634,276.0,
251,1959-12-01,,,,54174,54174,540.0,
252,1960-01-01,,,,54274,54274,100.0,
253,1960-02-01,,,,54513,54513,239.0,
254,1960-03-01,,,,54454,54454,-59.0,
255,1960-04-01,,,,54813,54813,359.0,
256,1960-05-01,,,,54475,54475,-338.0,
257,1960-06-01,,,,54348,54348,-127.0,
258,1960-07-01,,,,54306,54306,-42.0,
259,1960-08-01,,,,54272,54272,-34.0,
260,1960-09-01,,,,54227,54227,-45.0,
261,1960-10-01,,,,54142,54142,-85.0,
262,1960-11-01,,,,53961,53961,-181.0,
263,1960-12-01,,,,53742,53742,-219.0,
264,1961-01-01,,,,53683,53683,-59.0,
265,1961-02-01,,,,53557,53557,-126.0,
266,1961-03-01,,,,53659,53659,102.0,
267,1961-04-01,,,,53627,53627,-32.0,
268,1961-05-01,,,,53786,53786,159.0,
269,1961-06-01,,,,53977,53977,191.0,
270,1961-07-01,,,,54123,54123,146.0,
271,1961-08-01,,,,54298,54298,175.0,
272,1961-09-01,,,,54388,54388,90.0,
273,1961-10-01,,,,54522,54522,134.0,
274,1961-11-01,,,,54742,54742,220.0,
275,1961-12-01,,,,54872,54872,130.0,
276,1962-01-01,,,,54891,54891,19.0,
277,1962-02-01,,,,55188,55188,297.0,
278,1962-03-01,,,,55275,55275,87.0,
279,1962-04-01,,,,55602,55602,327.0,
280,1962-05-01,,,,55628,55628,26.0,
281,1962-06-01,,,,55644,55644,16.0,
282,1962-07-01,,,,55746,55746,102.0,
283,1962-08-01,,,,55838,55838,92.0,
284,1962-09-01,,,,55978,55978,140.0,
285,1962-10-01,,,,56041,56041,63.0,
286,1962-11-01,,,,56056,56056,15.0,
287,1962-12-01,,,,56028,56028,-28.0,
288,1963-01-01,,,,56115,56115,87.0,
289,1963-02-01,,,,56230,56230,115.0,
290,1963-03-01,,,,56320,56320,90.0,
291,1963-04-01,,,,56580,56580,260.0,
292,1963-05-01,,,,56616,56616,36.0,
293,1963-06-01,,,,56659,56659,43.0,
294,1963-07-01,,,,56794,56794,135.0,
295,1963-08-01,,,,56910,56910,116.0,
296,1963-09-01,,,,57078,57078,168.0,
297,1963-10-01,,,,57283,57283,205.0,
298,1963-11-01,,,,57255,57255,-28.0,
299,1963-12-01,,,,57361,57361,106.0,
300,1964-01-01,,,,57487,57487,126.0,
301,1964-02-01,,,,57753,57753,266.0,
302,1964-03-01,,,,57897,57897,144.0,
303,1964-04-01,,,,57922,57922,25.0,
304,1964-05-01,,,,58089,58089,167.0,
305,1964-06-01,,,,58219,58219,130.0,
306,1964-07-01,,,,58412,58412,193.0,
307,1964-08-01,,,,58619,58619,207.0,
308,1964-09-01,,,,58903,58903,284.0,
309,1964-10-01,,,,58793,58793,-110.0,
310,1964-11-01,,,,59218,59218,425.0,
311,1964-12-01,,,,59421,59421,203.0,
312,1965-01-01,,,,59582,59582,161.0,
313,1965-02-01,,,,59800,59800,218.0,
314,1965-03-01,,,,60003,60003,203.0,
315,1965-04-01,,,,60259,60259,256.0,
316,1965-05-01,,,,60491,60491,232.0,
317,1965-06-01,,,,60690,60690,199.0,
318,1965-07-01,,,,60965,60965,275.0,
319,1965-08-01,,,,61228,61228,263.0,
320,1965-09-01,,,,61490,61490,262.0,
321,1965-10-01,,,,61719,61719,229.0,
322,1965-11-01,,,,61996,61996,277.0,
323,1965-12-01,,,,62322,62322,326.0,
324,1966-01-01,,,,62529,62529,207.0,
325,1966-02-01,,,,62796,62796,267.0,
326,1966-03-01,,,,63192,63192,396.0,
327,1966-04-01,,,,63437,63437,245.0,
328,1966-05-01,,,,63712,63712,275.0,
329,1966-06-01,,,,64111,64111,399.0,
330,1966-07-01,,,,64301,64301,190.0,
331,1966-08-01,,,,64507,64507,206.0,
332,1966-09-01,,,,64643,64643,136.0,
333,1966-10-01,,,,64854,64854,211.0,
334,1966-11-01,,,,65019,65019,165.0,
335,1966-12-01,,,,65199,65199,180.0,
336,1967-01-01,,,,65407,65407,208.0,
337,1967-02-01,,,,65429,65429,22.0,
338,1967-03-01,,,,65530,65530,101.0,
339,1967-04-01,,,,65466,65466,-64.0,
340,1967-05-01,,,,65620,65620,154.0,
341,1967-06-01,,,,65750,65750,130.0,
342,1967-07-01,,,,65888,65888,138.0,
343,1967-08-01,,,,66143,66143,255.0,
344,1967-09-01,,,,66164,66164,21.0,
345,1967-10-01,,,,66225,66225,61.0,
346,1967-11-01,,,,66703,66703,478.0,
347,1967-12-01,,,,66900,66900,197.0,
348,1968-01-01,,,,66804,66804,-96.0,
349,1968-02-01,,,,67215,67215,411.0,
350,1968-03-01,,,,67295,67295,80.0,
351,1968-04-01,,,,67556,67556,261.0,
352,1968-05-01,,,,67652,67652,96.0,
353,1968-06-01,,,,67905,67905,253.0,
354,1968-07-01,,,,68126,68126,221.0,
355,1968-08-01,,,,68330,68330,204.0,
356,1968-09-01,,,,68484,68484,154.0,
357,1968-10-01,,,,68721,68721,237.0,
358,1968-11-01,,,,68984,68984,263.0,
359,1968-12-01,,,,69248,69248,264.0,
360,1969-01-01,,,,69439,69439,191.0,
361,1969-02-01,,,,69699,69699,260.0,
362,1969-03-01,,,,69905,69905,206.0,
363,1969-04-01,,,,70072,70072,167.0,
364,1969-05-01,,,,70328,70328,256.0,
365,1969-06-01,,,,70636,70636,308.0,
366,1969-07-01,,,,70729,70729,93.0,
367,1969-08-01,,,,71008,71008,279.0,
368,1969-09-01,,,,70914,70914,-94.0,
369,1969-10-01,,,,71121,71121,207.0,
370,1969-11-01,,,,71086,71086,-35.0,
371,1969-12-01,,,,71241,71241,155.0,
372,1970-01-01,,,,71176,71176,-65.0,
373,1970-02-01,,,,71305,71305,129.0,
374,1970-03-01,,,,71451,71451,146.0,
375,1970-04-01,,,,71348,71348,-103.0,
376,1970-05-01,,,,71124,71124,-224.0,
377,1970-06-01,,,,71029,71029,-95.0,
378,1970-07-01,,,,71053,71053,24.0,
379,1970-08-01,,,,70937,70937,-116.0,
380,1970-09-01,,,,70944,70944,7.0,
381,1970-10-01,,,,70521,70521,-423.0,
382,1970-11-01,,,,70409,70409,-112.0,
383,1970-12-01,,,,70792,70792,383.0,
384,1971-01-01,,,,70865,70865,73.0,
385,1971-02-01,,,,70807,70807,-58.0,
386,1971-03-01,,,,70860,70860,53.0,
387,1971-04-01,,,,71036,71036,176.0,
388,1971-05-01,,,,71247,71247,211.0,
389,1971-06-01,,,,71254,71254,7.0,
390,1971-07-01,,,,71315,71315,61.0,
391,1971-08-01,,,,71373,71373,58.0,
392,1971-09-01,,,,71614,71614,241.0,
393,1971-10-01,,,,71642,71642,28.0,
394,1971-11-01,,,,71847,71847,205.0,
395,1971-12-01,,,,72109,72109,262.0,
396,1972-01-01,,,,72441,72441,332.0,
397,1972-02-01,,,,72648,72648,207.0,
398,1972-03-01,,,,72944,72944,296.0,
399,1972-04-01,,,,73162,73162,218.0,
400,1972-05-01,,,,73469,73469,307.0,
401,1972-06-01,,,,73758,73758,289.0,
402,1972-07-01,,,,73709,73709,-49.0,
403,1972-08-01,,,,74141,74141,432.0,
404,1972-09-01,,,,74264,74264,123.0,
405,1972-10-01,,,,74674,74674,410.0,
406,1972-11-01,,,,74973,74973,299.0,
407,1972-12-01,,,,75268,75268,295.0,
408,1973-01-01,,,,75617,75617,349.0,
409,1973-02-01,,,,76014,76014,397.0,
410,1973-03-01,,,,76284,76284,270.0,
411,1973-04-01,,,,76455,76455,171.0,
412,1973-05-01,,,,76648,76648,193.0,
413,1973-06-01,,,,76887,76887,239.0,
414,1973-07-01,,,,76913,76913,26.0,
415,1973-08-01,,,,77168,77168,255.0,
416,1973-09-01,,,,77276,77276,108.0,
417,1973-10-01,,,,77607,77607,331.0,
418,1973-11-01,,,,77920,77920,313.0,
419,1973-12-01,,,,78031,78031,111.0,
420,1974-01-01,,,,78100,78100,69.0,
421,1974-02-01,,,,78254,78254,154.0,
422,1974-03-01,,,,78296,78296,42.0,
423,1974-04-01,,,,78382,78382,86.0,
424,1974-05-01,,,,78549,78549,167.0,
425,1974-06-01,,,,78604,78604,55.0,
426,1974-07-01,,,,78636,78636,32.0,
427,1974-08-01,,,,78619,78619,-17.0,
428,1974-09-01,,,,78610,78610,-9.0,
429,1974-10-01,,,,78630,78630,20.0,
430,1974-11-01,,,,78265,78265,-365.0,
431,1974-12-01,,,,77652,77652,-613.0,
432,1975-01-01,,,,77293,77293,-359.0,
433,1975-02-01,,,,76918,76918,-375.0,
434,1975-03-01,,,,76648,76648,-270.0,
435,1975-04-01,,,,76460,76460,-188.0,
436,1975-05-01,,,,76624,76624,164.0,
437,1975-06-01,,,,76521,76521,-103.0,
438,1975-07-01,,,,76770,76770,249.0,
439,1975-08-01,,,,77153,77153,383.0,
440,1975-09-01,,,,77228,77228,75.0,
441,1975-10-01,,,,77540,77540,312.0,
442,1975-11-01,,,,77685,77685,145.0,
443,1975-12-01,,,,78017,78017,332.0,
444,1976-01-01,,,,78503,78503,486.0,
445,1976-02-01,,,,78816,78816,313.0,
446,1976-03-01,,,,79048,79048,232.0,
447,1976-04-01,,,,79292,79292,244.0,
448,1976-05-01,,,,79312,79312,20.0,
449,1976-06-01,,,,79376,79376,64.0,
450,1976-07-01,,,,79547,79547,171.0,
451,1976-08-01,,,,79704,79704,157.0,
452,1976-09-01,,,,79892,79892,188.0,
453,1976-10-01,,,,79911,79911,19.0,
454,1976-11-01,,,,80240,80240,329.0,
455,1976-12-01,,,,80448,80448,208.0,
456,1977-01-01,,,,80690,80690,242.0,
457,1977-02-01,,,,80988,80988,298.0,
458,1977-03-01,,,,81391,81391,403.0,
459,1977-04-01,,,,81728,81728,337.0,
460,1977-05-01,,,,82088,82088,360.0,
461,1977-06-01,,,,82488,82488,400.0,
462,1977-07-01,,,,82834,82834,346.0,
463,1977-08-01,,,,83075,83075,241.0,
464,1977-09-01,,,,83532,83532,457.0,
465,1977-10-01,,,,83800,83800,268.0,
466,1977-11-01,,,,84173,84173,373.0,
467,1977-12-01,,,,84410,84410,237.0,
468,1978-01-01,,,,84594,84594,184.0,
469,1978-02-01,,,,84948,84948,354.0,
470,1978-03-01,,,,85460,85460,512.0,
471,1978-04-01,,,,86162,86162,702.0,
472,1978-05-01,,,,86509,86509,347.0,
473,1978-06-01,,,,86950,86950,441.0,
474,1978-07-01,,,,87204,87204,254.0,
475,1978-08-01,,,,87483,87483,279.0,
476,1978-09-01,,,,87621,87621,138.0,
477,1978-10-01,,,,87956,87956,335.0,
478,1978-11-01,,,,88391,88391,435.0,
479,1978-12-01,,,,88671,88671,280.0,
480,1979-01-01,,,,88808,88808,137.0,
481,1979-02-01,,,,89055,89055,247.0,
482,1979-03-01,,,,89479,89479,424.0,
483,1979-04-01,,,,89417,89417,-62.0,
484,1979-05-01,,,,89789,89789,372.0,
485,1979-06-01,,,,90108,90108,319.0,
486,1979-07-01,,,,90217,90217,109.0,
487,1979-08-01,,,,90300,90300,83.0,
488,1979-09-01,,,,90327,90327,27.0,
489,1979-10-01,,,,90481,90481,154.0,
490,1979-11-01,,,,90573,90573,92.0,
491,1979-12-01,,,,90672,90672,99.0,
492,1980-01-01,,,,90800,90800,128.0,
493,1980-02-01,,,,90883,90883,83.0,
494,1980-03-01,,,,90994,90994,111.0,
495,1980-04-01,,,,90849,90849,-145.0,
496,1980-05-01,,,,90420,90420,-429.0,
497,1980-06-01,,,,90101,90101,-319.0,
498,1980-07-01,,,,89840,89840,-261.0,
499,1980-08-01,,,,90099,90099,259.0,
500,1980-09-01,,,,90213,90213,114.0,
501,1980-10-01,,,,90490,90490,277.0,
502,1980-11-01,,,,90747,90747,257.0,
503,1980-12-01,,,,90943,90943,196.0,
504,1981-01-01,,,,91033,91033,90.0,
505,1981-02-01,,,,91105,91105,72.0,
506,1981-03-01,,,,91210,91210,105.0,
507,1981-04-01,,,,91283,91283,73.0,
508,1981-05-01,,,,91296,91296,13.0,
509,1981-06-01,,,,91490,91490,194.0,
510,1981-07-01,,,,91601,91601,111.0,
511,1981-08-01,,,,91565,91565,-36.0,
512,1981-09-01,,,,91477,91477,-88.0,
513,1981-10-01,,,,91380,91380,-97.0,
514,1981-11-01,,,,91171,91171,-209.0,
515,1981-12-01,,,,90895,90895,-276.0,
516,1982-01-01,,,,90565,90565,-330.0,
517,1982-02-01,,,,90563,90563,-2.0,
518,1982-03-01,,,,90434,90434,-129.0,
519,1982-04-01,,,,90150,90150,-284.0,
520,1982-05-01,,,,90107,90107,-43.0,
521,1982-06-01,,,,89865,89865,-242.0,
522,1982-07-01,,,,89521,89521,-344.0,
523,1982-08-01,,,,89363,89363,-158.0,
524,1982-09-01,,,,89183,89183,-180.0,
525,1982-10-01,,,,88907,88907,-276.0,
526,1982-11-01,,,,88786,88786,-121.0,
527,1982-12-01,,,,88771,88771,-15.0,
528,1983-01-01,,,,88990,88990,219.0,
529,1983-02-01,,,,88917,88917,-73.0,
530,1983-03-01,,,,89090,89090,173.0,
531,1983-04-01,,,,89364,89364,274.0,
532,1983-05-01,,,,89644,89644,280.0,
533,1983-06-01,,,,90021,90021,377.0,
534,1983-07-01,,,,90437,90437,416.0,
535,1983-08-01,,,,90129,90129,-308.0,
536,1983-09-01,,,,91247,91247,1118.0,
537,1983-10-01,,,,91520,91520,273.0,
538,1983-11-01,,,,91875,91875,355.0,
539,1983-12-01,,,,92230,92230,355.0,
540,1984-01-01,,,,92673,92673,443.0,
541,1984-02-01,,,,93157,93157,484.0,
542,1984-03-01,,,,93429,93429,272.0,
543,1984-04-01,,,,93792,93792,363.0,
544,1984-05-01,,,,94098,94098,306.0,
545,1984-06-01,,,,94479,94479,381.0,
546,1984-07-01,,,,94789,94789,310.0,
547,1984-08-01,,,,95032,95032,243.0,
548,1984-09-01,,,,95344,95344,312.0,
549,1984-10-01,,,,95629,95629,285.0,
550,1984-11-01,,,,95982,95982,353.0,
551,1984-12-01,,,,96107,96107,125.0,
552,1985-01-01,,,,96372,96372,265.0,
553,1985-02-01,,,,96503,96503,131.0,
554,1985-03-01,,,,96842,96842,339.0,
555,1985-04-01,,,,97038,97038,196.0,
556,1985-05-01,,,,97312,97312,274.0,
557,1985-06-01,,,,97459,97459,147.0,
558,1985-07-01,,,,97648,97648,189.0,
559,1985-08-01,,,,97840,97840,192.0,
560,1985-09-01,,,,98045,98045,205.0,
561,1985-10-01,,,,98233,98233,188.0,
562,1985-11-01,,,,98443,98443,210.0,
563,1985-12-01,,,,98609,98609,166.0,
564,1986-01-01,,,,98732,98732,123.0,
565,1986-02-01,,,,98847,98847,115.0,
566,1986-03-01,,,,98934,98934,87.0,
567,1986-04-01,,,,99121,99121,187.0,
568,1986-05-01,,,,99248,99248,127.0,
569,1986-06-01,,,,99155,99155,-93.0,
570,1986-07-01,,,,99473,99473,318.0,
571,1986-08-01,,,,99588,99588,115.0,
572,1986-09-01,,,,99934,99934,346.0,
573,1986-10-01,,,,100121,100121,187.0,
574,1986-11-01,,,,100308,100308,187.0,
575,1986-12-01,,,,100509,100509,201.0,
576,1987-01-01,,,,100678,100678,169.0,
577,1987-02-01,,,,100919,100919,241.0,
578,1987-03-01,,,,101164,101164,245.0,
579,1987-04-01,,,,101499,101499,335.0,
580,1987-05-01,,,,101728,101728,229.0,
581,1987-06-01,,,,101900,101900,172.0,
582,1987-07-01,,,,102247,102247,347.0,
583,1987-08-01,,,,102420,102420,173.0,
584,1987-09-01,,,,102647,102647,227.0,
585,1987-10-01,,,,103138,103138,491.0,
586,1987-11-01,,,,103372,103372,234.0,
587,1987-12-01,,,,103661,103661,289.0,
588,1988-01-01,,,,103753,103753,92.0,
589,1988-02-01,,,,104214,104214,461.0,
590,1988-03-01,,,,104489,104489,275.0,
591,1988-04-01,,,,104732,104732,243.0,
592,1988-05-01,,,,104962,104962,230.0,
593,1988-06-01,,,,105326,105326,364.0,
594,1988-07-01,,,,105550,105550,224.0,
595,1988-08-01,,,,105674,105674,124.0,
596,1988-09-01,,,,106013,106013,339.0,
597,1988-10-01,,,,106276,106276,263.0,
598,1988-11-01,,,,106617,106617,341.0,
599,1988-12-01,,,,106898,106898,281.0,
600,1989-01-01,,,,107161,107161,263.0,
601,1989-02-01,,,,107427,107427,266.0,
602,1989-03-01,,,,107621,107621,194.0,
603,1989-04-01,,,,107791,107791,170.0,
604,1989-05-01,,,,107913,107913,122.0,
605,1989-06-01,,,,108027,108027,114.0,
606,1989-07-01,,,,108069,108069,42.0,
607,1989-08-01,,,,108120,108120,51.0,
608,1989-09-01,,,,108369,108369,249.0,
609,1989-10-01,,,,108476,108476,107.0,
610,1989-11-01,,,,108752,108752,276.0,
611,1989-12-01,,,,108836,108836,84.0,
612,1990-01-01,,,,109189,109189,353.0,
613,1990-02-01,,,,109432,109432,243.0,
614,1990-03-01,,,,109637,109637,205.0,
615,1990-04-01,,,,109671,109671,34.0,
616,1990-05-01,,,,109834,109834,163.0,
617,1990-06-01,,,,109857,109857,23.0,
618,1990-07-01,,,,109822,109822,-35.0,
619,1990-08-01,,,,109610,109610,-212.0,
620,1990-09-01,,,,109520,109520,-90.0,
621,1990-10-01,,,,109374,109374,-146.0,
622,1990-11-01,,,,109220,109220,-154.0,
623,1990-12-01,,,,109168,109168,-52.0,
624,1991-01-01,,,,109051,109051,-117.0,
625,1991-02-01,,,,108731,108731,-320.0,
626,1991-03-01,,,,108569,108569,-162.0,
627,1991-04-01,,,,108352,108352,-217.0,
628,1991-05-01,,,,108250,108250,-102.0,
629,1991-06-01,,,,108338,108338,88.0,
630,1991-07-01,,,,108290,108290,-48.0,
631,1991-08-01,,,,108302,108302,12.0,
632,1991-09-01,,,,108333,108333,31.0,
633,1991-10-01,,,,108362,108362,29.0,
634,1991-11-01,,,,108300,108300,-62.0,
635,1991-12-01,,,,108330,108330,30.0,
636,1992-01-01,,,,108367,108367,37.0,
637,1992-02-01,,,,108312,108312,-55.0,
638,1992-03-01,,,,108361,108361,49.0,
639,1992-04-01,,,,108515,108515,154.0,
640,1992-05-01,,,,108648,108648,133.0,
641,1992-06-01,,,,108717,108717,69.0,
642,1992-07-01,,,,108799,108799,82.0,
643,1992-08-01,,,,108923,108923,124.0,
644,1992-09-01,,,,108954,108954,31.0,
645,1992-10-01,,,,109135,109135,181.0,
646,1992-11-01,,,,109280,109280,145.0,
647,1992-12-01,,,,109500,109500,220.0,
648,1993-01-01,,,,109795,109795,295.0,
649,1993-02-01,,,,110044,110044,249.0,
650,1993-03-01,,,,109992,109992,-52.0,
651,1993-04-01,,,,110295,110295,303.0,
652,1993-05-01,,,,110570,110570,275.0,
653,1993-06-01,,,,110751,110751,181.0,
654,1993-07-01,,,,111060,111060,309.0,
655,1993-08-01,,,,111209,111209,149.0,
656,1993-09-01,,,,111454,111454,245.0,
657,1993-10-01,,,,111734,111734,280.0,
658,1993-11-01,,,,111990,111990,256.0,
659,1993-12-01,,,,112324,112324,334.0,
660,1994-01-01,,,,112598,112598,274.0,
661,1994-02-01,,,,112779,112779,181.0,
662,1994-03-01,,,,113240,113240,461.0,
663,1994-04-01,,,,113587,113587,347.0,
664,1994-05-01,,,,113923,113923,336.0,
665,1994-06-01,,,,114237,114237,314.0,
666,1994-07-01,,,,114607,114607,370.0,
667,1994-08-01,,,,114899,114899,292.0,
668,1994-09-01,,,,115253,115253,354.0,
669,1994-10-01,,,,115458,115458,205.0,
670,1994-11-01,,,,115873,115873,415.0,
671,1994-12-01,,,,116176,116176,303.0,
672,1995-01-01,,,,116504,116504,328.0,
673,1995-02-01,,,,116693,116693,189.0,
674,1995-03-01,,,,116907,116907,214.0,
675,1995-04-01,,,,117065,117065,158.0,
676,1995-05-01,,,,117050,117050,-15.0,
677,1995-06-01,,,,117286,117286,236.0,
678,1995-07-01,,,,117377,117377,91.0,
679,1995-08-01,,,,117639,117639,262.0,
680,1995-09-01,,,,117880,117880,241.0,
681,1995-10-01,,,,118029,118029,149.0,
682,1995-11-01,,,,118168,118168,139.0,
683,1995-12-01,,,,118325,118325,157.0,
684,1996-01-01,,,,118318,118318,-7.0,
685,1996-02-01,,,,118734,118734,416.0,
686,1996-03-01,,,,118990,118990,256.0,
687,1996-04-01,,,,119156,119156,166.0,
688,1996-05-01,,,,119489,119489,333.0,
689,1996-06-01,,,,119770,119770,281.0,
690,1996-07-01,,,,120016,120016,246.0,
691,1996-08-01,,,,120201,120201,185.0,
692,1996-09-01,,,,120402,120402,201.0,
693,1996-10-01,,,,120663,120663,261.0,
694,1996-11-01,,,,120949,120949,286.0,
695,1996-12-01,,,,121145,121145,196.0,
696,1997-01-01,,,,121363,121363,218.0,
697,1997-02-01,,,,121675,121675,312.0,
698,1997-03-01,,,,121989,121989,314.0,
699,1997-04-01,,,,122284,122284,295.0,
700,1997-05-01,,,,122551,122551,267.0,
701,1997-06-01,,,,122816,122816,265.0,
702,1997-07-01,,,,123112,123112,296.0,
703,1997-08-01,,,,123092,123092,-20.0,
704,1997-09-01,,,,123577,123577,485.0,
705,1997-10-01,,,,123923,123923,346.0,
706,1997-11-01,,,,124230,124230,307.0,
707,1997-12-01,,,,124551,124551,321.0,
708,1998-01-01,,,,124813,124813,262.0,
709,1998-02-01,,,,125018,125018,205.0,
710,1998-03-01,,,,125164,125164,146.0,
711,1998-04-01,,,,125445,125445,281.0,
712,1998-05-01,,,,125846,125846,401.0,
713,1998-06-01,,,,126077,126077,231.0,
714,1998-07-01,,,,126209,126209,132.0,
715,1998-08-01,,,,126547,126547,338.0,
716,1998-09-01,,,,126745,126745,198.0,
717,1998-10-01,,,,126950,126950,205.0,
718,1998-11-01,,,,127225,127225,275.0,
719,1998-12-01,,,,127598,127598,373.0,
720,1999-01-01,,,,127704,127704,106.0,
721,1999-02-01,,,,128118,128118,414.0,
722,1999-03-01,,,,128233,128233,115.0,
723,1999-04-01,,,,128595,128595,362.0,
724,1999-05-01,,,,128810,128810,215.0,
725,1999-06-01,,,,129088,129088,278.0,
726,1999-07-01,,,,129423,129423,335.0,
727,1999-08-01,,,,129569,129569,146.0,
728,1999-09-01,,,,129781,129781,212.0,
729,1999-10-01,,,,130179,130179,398.0,
730,1999-11-01,,,,130467,130467,288.0,
731,1999-12-01,,,,130781,130781,314.0,
732,2000-01-01,,,,131009,131009,228.0,
733,2000-02-01,,,,131120,131120,111.0,
734,2000-03-01,,,,131604,131604,484.0,
735,2000-04-01,,,,131883,131883,279.0,
736,2000-05-01,,,,132106,132106,223.0,
737,2000-06-01,,,,132060,132060,-46.0,
738,2000-07-01,,,,132228,132228,168.0,
739,2000-08-01,,,,132231,132231,3.0,
740,2000-09-01,,,,132357,132357,126.0,
741,2000-10-01,,,,132352,132352,-5.0,
742,2000-11-01,,,,132553,132553,201.0,
743,2000-12-01,5088.0,5088.0,,132718,132718,165.0,137806.0
744,2001-01-01,5234.0,5234.0,146.0,132699,132699,-19.0,137933.0
745,2001-02-01,5097.0,5097.0,-137.0,132786,132786,87.0,137883.0
746,2001-03-01,4762.0,4762.0,-335.0,132751,132751,-35.0,137513.0
747,2001-04-01,4615.0,4615.0,-147.0,132455,132455,-296.0,137070.0
748,2001-05-01,4425.0,4425.0,-190.0,132411,132411,-44.0,136836.0
749,2001-06-01,4361.0,4361.0,-64.0,132296,132296,-115.0,136657.0
750,2001-07-01,4447.0,4447.0,86.0,132173,132173,-123.0,136620.0
751,2001-08-01,4024.0,4024.0,-423.0,132024,132024,-149.0,136048.0
752,2001-09-01,4071.0,4071.0,47.0,131765,131765,-259.0,135836.0
753,2001-10-01,3707.0,3707.0,-364.0,131452,131452,-313.0,135159.0
754,2001-11-01,3775.0,3775.0,68.0,131141,131141,-311.0,134916.0
755,2001-12-01,3677.0,3677.0,-98.0,130984,130984,-157.0,134661.0
756,2002-01-01,3699.0,3699.0,22.0,130853,130853,-131.0,134552.0
757,2002-02-01,3436.0,3436.0,-263.0,130732,130732,-121.0,134168.0
758,2002-03-01,3612.0,3612.0,176.0,130720,130720,-12.0,134332.0
759,2002-04-01,3471.0,3471.0,-141.0,130616,130616,-104.0,134087.0
760,2002-05-01,3457.0,3457.0,-14.0,130632,130632,16.0,134089.0
761,2002-06-01,3412.0,3412.0,-45.0,130682,130682,50.0,134094.0
762,2002-07-01,3367.0,3367.0,-45.0,130585,130585,-97.0,133952.0
763,2002-08-01,3517.0,3517.0,150.0,130587,130587,2.0,134104.0
764,2002-09-01,3301.0,3301.0,-216.0,130498,130498,-89.0,133799.0
765,2002-10-01,3479.0,3479.0,178.0,130621,130621,123.0,134100.0
766,2002-11-01,3514.0,3514.0,35.0,130617,130617,-4.0,134131.0
767,2002-12-01,3169.0,3169.0,-345.0,130469,130469,-148.0,133638.0
768,2003-01-01,3441.0,3441.0,272.0,130580,130580,111.0,134021.0
769,2003-02-01,3229.0,3229.0,-212.0,130443,130443,-137.0,133672.0
770,2003-03-01,3099.0,3099.0,-130.0,130232,130232,-211.0,133331.0
771,2003-04-01,3108.0,3108.0,9.0,130176,130176,-56.0,133284.0
772,2003-05-01,3289.0,3289.0,181.0,130196,130196,20.0,133485.0
773,2003-06-01,3390.0,3390.0,101.0,130192,130192,-4.0,133582.0
774,2003-07-01,2981.0,2981.0,-409.0,130184,130184,-8.0,133165.0
775,2003-08-01,3190.0,3190.0,209.0,130153,130153,-31.0,133343.0
776,2003-09-01,3091.0,3091.0,-99.0,130252,130252,99.0,133343.0
777,2003-10-01,3305.0,3305.0,214.0,130439,130439,187.0,133744.0
778,2003-11-01,3324.0,3324.0,19.0,130482,130482,43.0,133806.0
779,2003-12-01,3414.0,3414.0,90.0,130594,130594,112.0,134008.0
780,2004-01-01,3424.0,3424.0,10.0,130766,130766,172.0,134190.0
781,2004-02-01,3532.0,3532.0,108.0,130822,130822,56.0,134354.0
782,2004-03-01,3525.0,3525.0,-7.0,131139,131139,317.0,134664.0
783,2004-04-01,3511.0,3511.0,-14.0,131409,131409,270.0,134920.0
784,2004-05-01,3710.0,3710.0,199.0,131693,131693,284.0,135403.0
785,2004-06-01,3337.0,3337.0,-373.0,131789,131789,96.0,135126.0
786,2004-07-01,3814.0,3814.0,477.0,131850,131850,61.0,135664.0
787,2004-08-01,3541.0,3541.0,-273.0,131936,131936,86.0,135477.0
788,2004-09-01,3821.0,3821.0,280.0,132083,132083,147.0,135904.0
789,2004-10-01,3943.0,3943.0,122.0,132435,132435,352.0,136378.0
790,2004-11-01,3472.0,3472.0,-471.0,132509,132509,74.0,135981.0
791,2004-12-01,4074.0,4074.0,602.0,132633,132633,124.0,136707.0
792,2005-01-01,3804.0,3804.0,-270.0,132779,132779,146.0,136583.0
793,2005-02-01,3965.0,3965.0,161.0,133033,133033,254.0,136998.0
794,2005-03-01,4044.0,4044.0,79.0,133154,133154,121.0,137198.0
795,2005-04-01,4159.0,4159.0,115.0,133515,133515,361.0,137674.0
796,2005-05-01,3797.0,3797.0,-362.0,133687,133687,172.0,137484.0
797,2005-06-01,4062.0,4062.0,265.0,133939,133939,252.0,138001.0
798,2005-07-01,4256.0,4256.0,194.0,134297,134297,358.0,138553.0
799,2005-08-01,4142.0,4142.0,-114.0,134495,134495,198.0,138637.0
800,2005-09-01,4352.0,4352.0,210.0,134552,134552,57.0,138904.0
801,2005-10-01,4184.0,4184.0,-168.0,134646,134646,94.0,138830.0
802,2005-11-01,4248.0,4248.0,64.0,135001,135001,355.0,139249.0
803,2005-12-01,4282.0,4282.0,34.0,135160,135160,159.0,139442.0
804,2006-01-01,4397.0,4397.0,115.0,135425,135425,265.0,139822.0
805,2006-02-01,4325.0,4325.0,-72.0,135732,135732,307.0,140057.0
806,2006-03-01,4732.0,4732.0,407.0,136041,136041,309.0,140773.0
807,2006-04-01,4790.0,4790.0,58.0,136210,136210,169.0,141000.0
808,2006-05-01,4463.0,4463.0,-327.0,136247,136247,37.0,140710.0
809,2006-06-01,4614.0,4614.0,151.0,136328,136328,81.0,140942.0
810,2006-07-01,4394.0,4394.0,-220.0,136522,136522,194.0,140916.0
811,2006-08-01,4710.0,4710.0,316.0,136688,136688,166.0,141398.0
812,2006-09-01,4737.0,4737.0,27.0,136825,136825,137.0,141562.0
813,2006-10-01,4591.0,4591.0,-146.0,136849,136849,24.0,141440.0
814,2006-11-01,4645.0,4645.0,54.0,137068,137068,219.0,141713.0
815,2006-12-01,4620.0,4620.0,-25.0,137251,137251,183.0,141871.0
816,2007-01-01,4763.0,4763.0,143.0,137475,137475,224.0,142238.0
817,2007-02-01,4699.0,4699.0,-64.0,137556,137556,81.0,142255.0
818,2007-03-01,4962.0,4962.0,263.0,137782,137782,226.0,142744.0
819,2007-04-01,4689.0,4689.0,-273.0,137842,137842,60.0,142531.0
820,2007-05-01,4657.0,4657.0,-32.0,137993,137993,151.0,142650.0
821,2007-06-01,4859.0,4859.0,202.0,138072,138072,79.0,142931.0
822,2007-07-01,4598.0,4598.0,-261.0,138042,138042,-30.0,142640.0
823,2007-08-01,4546.0,4546.0,-52.0,138017,138017,-25.0,142563.0
824,2007-09-01,4652.0,4652.0,106.0,138103,138103,86.0,142755.0
825,2007-10-01,4636.0,4636.0,-16.0,138175,138175,72.0,142811.0
826,2007-11-01,4646.0,4646.0,10.0,138291,138291,116.0,142937.0
827,2007-12-01,4545.0,4545.0,-101.0,138396,138396,105.0,142941.0
828,2008-01-01,4624.0,4624.0,79.0,138397,138397,1.0,143021.0
829,2008-02-01,4279.0,4279.0,-345.0,138326,138326,-71.0,142605.0
830,2008-03-01,4225.0,4225.0,-54.0,138256,138256,-70.0,142481.0
831,2008-04-01,4035.0,4035.0,-190.0,138037,138037,-219.0,142072.0
832,2008-05-01,4194.0,4194.0,159.0,137847,137847,-190.0,142041.0
833,2008-06-01,3830.0,3830.0,-364.0,137689,137689,-158.0,141519.0
834,2008-07-01,3749.0,3749.0,-81.0,137492,137492,-197.0,141241.0
835,2008-08-01,3674.0,3674.0,-75.0,137209,137209,-283.0,140883.0
836,2008-09-01,3222.0,3222.0,-452.0,136759,136759,-450.0,139981.0
837,2008-10-01,3377.0,3377.0,155.0,136294,136294,-465.0,139671.0
838,2008-11-01,3231.0,3231.0,-146.0,135546,135546,-748.0,138777.0
839,2008-12-01,3146.0,3146.0,-85.0,134848,134848,-698.0,137994.0
840,2009-01-01,2738.0,2738.0,-408.0,134066,134066,-782.0,136804.0
841,2009-02-01,2864.0,2864.0,126.0,133314,133314,-752.0,136178.0
842,2009-03-01,2534.0,2534.0,-330.0,132494,132494,-820.0,135028.0
843,2009-04-01,2295.0,2295.0,-239.0,131825,131825,-669.0,134120.0
844,2009-05-01,2549.0,2549.0,254.0,131470,131470,-355.0,134019.0
845,2009-06-01,2503.0,2503.0,-46.0,131003,131003,-467.0,133506.0
846,2009-07-01,2232.0,2232.0,-271.0,130661,130661,-342.0,132893.0
847,2009-08-01,2338.0,2338.0,106.0,130480,130480,-181.0,132818.0
848,2009-09-01,2487.0,2487.0,149.0,130241,130241,-239.0,132728.0
849,2009-10-01,2406.0,2406.0,-81.0,130061,130061,-180.0,132467.0
850,2009-11-01,2503.0,2503.0,97.0,130059,130059,-2.0,132562.0
851,2009-12-01,2568.0,2568.0,65.0,129807,129807,-252.0,132375.0
852,2010-01-01,2837.0,2837.0,269.0,129795,129795,-12.0,132632.0
853,2010-02-01,2666.0,2666.0,-171.0,129702,129702,-93.0,132368.0
854,2010-03-01,2679.0,2679.0,13.0,129865,129865,163.0,132544.0
855,2010-04-01,3153.0,3153.0,474.0,130115,130115,250.0,133268.0
856,2010-05-01,2988.0,2988.0,-165.0,130645,130645,530.0,133633.0
857,2010-06-01,2801.0,2801.0,-187.0,130501,130501,-144.0,133302.0
858,2010-07-01,3082.0,3082.0,281.0,130420,130420,-81.0,133502.0
859,2010-08-01,2999.0,2999.0,-83.0,130423,130423,3.0,133422.0
860,2010-09-01,2918.0,2918.0,-81.0,130340,130340,-83.0,133258.0
861,2010-10-01,3235.0,3235.0,317.0,130620,130620,280.0,133855.0
862,2010-11-01,3211.0,3211.0,-24.0,130754,130754,134.0,133965.0
863,2010-12-01,3058.0,3058.0,-153.0,130836,130836,82.0,133894.0
864,2011-01-01,3104.0,3104.0,46.0,130839,130839,3.0,133943.0
865,2011-02-01,3226.0,3226.0,122.0,131054,131054,215.0,134280.0
866,2011-03-01,3261.0,3261.0,35.0,131278,131278,224.0,134539.0
867,2011-04-01,3259.0,3259.0,-2.0,131604,131604,326.0,134863.0
868,2011-05-01,3179.0,3179.0,-80.0,131704,131704,100.0,134883.0
869,2011-06-01,3455.0,3455.0,276.0,131936,131936,232.0,135391.0
870,2011-07-01,3623.0,3623.0,168.0,131992,131992,56.0,135615.0
871,2011-08-01,3329.0,3329.0,-294.0,132123,132123,131.0,135452.0
872,2011-09-01,3774.0,3774.0,445.0,132346,132346,223.0,136120.0
873,2011-10-01,3619.0,3619.0,-155.0,132557,132557,211.0,136176.0
874,2011-11-01,3565.0,3565.0,-54.0,132701,132701,144.0,136266.0
875,2011-12-01,3768.0,3768.0,203.0,132902,132902,201.0,136670.0
876,2012-01-01,3909.0,3909.0,141.0,133243,133243,341.0,137152.0
877,2012-02-01,3616.0,3616.0,-293.0,133521,133521,278.0,137137.0
878,2012-03-01,3979.0,3979.0,363.0,133745,133745,224.0,137724.0
879,2012-04-01,3793.0,3793.0,-186.0,133828,133828,83.0,137621.0
880,2012-05-01,3835.0,3835.0,42.0,133935,133935,107.0,137770.0
881,2012-06-01,3911.0,3911.0,76.0,134008,134008,73.0,137919.0
882,2012-07-01,3735.0,3735.0,-176.0,134153,134153,145.0,137888.0
883,2012-08-01,3809.0,3809.0,74.0,134329,134329,176.0,138138.0
884,2012-09-01,3882.0,3882.0,73.0,134512,134512,183.0,138394.0
885,2012-10-01,3775.0,3775.0,-107.0,134672,134672,160.0,138447.0
886,2012-11-01,3878.0,3878.0,103.0,134831,134831,159.0,138709.0
887,2012-12-01,3970.0,3970.0,92.0,135074,135074,243.0,139044.0
888,2013-01-01,3923.0,3923.0,-47.0,135263,135263,189.0,139186.0
889,2013-02-01,4004.0,4004.0,81.0,135548,135548,285.0,139552.0
890,2013-03-01,4076.0,4076.0,72.0,135690,135690,142.0,139766.0
891,2013-04-01,3988.0,3988.0,-88.0,135876,135876,186.0,139864.0
892,2013-05-01,4145.0,4145.0,157.0,136090,136090,214.0,140235.0
893,2013-06-01,4150.0,4150.0,5.0,136269,136269,179.0,140419.0
894,2013-07-01,3885.0,3885.0,-265.0,136391,136391,122.0,140276.0
895,2013-08-01,4085.0,4085.0,200.0,136634,136634,243.0,140719.0
896,2013-09-01,4128.0,4128.0,43.0,136819,136819,185.0,140947.0
897,2013-10-01,4222.0,4222.0,94.0,137039,137039,220.0,141261.0
898,2013-11-01,4119.0,4119.0,-103.0,137312,137312,273.0,141431.0
899,2013-12-01,4121.0,4121.0,2.0,137367,137367,55.0,141488.0
900,2014-01-01,4127.0,4127.0,6.0,137551,137551,184.0,141678.0
901,2014-02-01,4373.0,4373.0,246.0,137710,137710,159.0,142083.0
902,2014-03-01,4388.0,4388.0,15.0,137987,137987,277.0,142375.0
903,2014-04-01,4566.0,4566.0,178.0,138298,138298,311.0,142864.0
904,2014-05-01,4747.0,4747.0,181.0,138500,138500,202.0,143247.0
905,2014-06-01,4982.0,4982.0,235.0,138833,138833,333.0,143815.0
906,2014-07-01,4846.0,4846.0,-136.0,139076,139076,243.0,143922.0
907,2014-08-01,5349.0,5349.0,503.0,139257,139257,181.0,144606.0
908,2014-09-01,4914.0,4914.0,-435.0,139564,139564,307.0,144478.0
909,2014-10-01,5012.0,5012.0,98.0,139804,139804,240.0,144816.0
910,2014-11-01,4843.0,4843.0,-169.0,140088,140088,284.0,144931.0
911,2014-12-01,5130.0,5130.0,287.0,140366,140366,278.0,145496.0
912,2015-01-01,5344.0,5344.0,214.0,140562,140562,196.0,145906.0
913,2015-02-01,5466.0,5466.0,122.0,140831,140831,269.0,146297.0
914,2015-03-01,5210.0,5210.0,-256.0,140925,140925,94.0,146135.0
915,2015-04-01,5598.0,5598.0,388.0,141202,141202,277.0,146800.0
916,2015-05-01,5563.0,5563.0,-35.0,141539,141539,337.0,147102.0
917,2015-06-01,5248.0,5248.0,-315.0,141695,141695,156.0,146943.0
918,2015-07-01,6056.0,6056.0,808.0,141989,141989,294.0,148045.0
919,2015-08-01,5467.0,5467.0,-589.0,142130,142130,141.0,147597.0
920,2015-09-01,5488.0,5488.0,21.0,142265,142265,135.0,147753.0
921,2015-10-01,5773.0,5773.0,285.0,142584,142584,319.0,148357.0
922,2015-11-01,5708.0,5708.0,-65.0,142810,142810,226.0,148518.0
923,2015-12-01,5845.0,5845.0,137.0,143083,143083,273.0,148928.0
924,2016-01-01,6012.0,6012.0,167.0,143196,143196,113.0,149208.0
925,2016-02-01,5770.0,5770.0,-242.0,143411,143411,215.0,149181.0
926,2016-03-01,6129.0,6129.0,359.0,143666,143666,255.0,149795.0
927,2016-04-01,5803.0,5803.0,-326.0,143856,143856,190.0,149659.0
928,2016-05-01,5777.0,5777.0,-26.0,143901,143901,45.0,149678.0
929,2016-06-01,5742.0,5742.0,-35.0,144152,144152,251.0,149894.0
930,2016-07-01,5962.0,5962.0,220.0,144515,144515,363.0,150477.0
931,2016-08-01,5677.0,5677.0,-285.0,144664,144664,149.0,150341.0
932,2016-09-01,5868.0,5868.0,191.0,144961,144961,297.0,150829.0
933,2016-10-01,5591.0,5591.0,-277.0,145069,145069,108.0,150660.0
934,2016-11-01,5971.0,5971.0,380.0,145188,145188,119.0,151159.0
935,2016-12-01,5964.0,5964.0,-7.0,145410,145410,222.0,151374.0
936,2017-01-01,5617.0,5617.0,-347.0,145636,145636,226.0,151253.0
937,2017-02-01,5923.0,5923.0,306.0,145848,145848,212.0,151771.0
938,2017-03-01,5811.0,5811.0,-112.0,145976,145976,128.0,151787.0
939,2017-04-01,6091.0,6091.0,280.0,146173,146173,197.0,152264.0
940,2017-05-01,5826.0,5826.0,-265.0,146389,146389,216.0,152215.0
941,2017-06-01,6305.0,6305.0,479.0,146588,146588,199.0,152893.0
942,2017-07-01,6238.0,6238.0,-67.0,146772,146772,184.0,153010.0
943,2017-08-01,6276.0,6276.0,38.0,146907,146907,135.0,153183.0
944,2017-09-01,6320.0,6320.0,44.0,146999,146999,92.0,153319.0
945,2017-10-01,6408.0,6408.0,88.0,147146,147146,147.0,153554.0
946,2017-11-01,6271.0,6271.0,-137.0,147375,147375,229.0,153646.0
947,2017-12-01,6336.0,6336.0,65.0,147521,147521,146.0,153857.0
948,2018-01-01,6621.0,6621.0,285.0,147667,147667,146.0,154288.0
949,2018-02-01,6552.0,6552.0,-69.0,148054,148054,387.0,154606.0
950,2018-03-01,6818.0,6818.0,266.0,148280,148280,226.0,155098.0
951,2018-04-01,6877.0,6877.0,59.0,148426,148426,146.0,155303.0
952,2018-05-01,7016.0,7016.0,139.0,148755,148755,329.0,155771.0
953,2018-06-01,7230.0,7230.0,214.0,148968,148968,213.0,156198.0
954,2018-07-01,7190.0,7190.0,-40.0,149023,149023,55.0,156213.0
955,2018-08-01,7208.0,7208.0,18.0,149274,149274,251.0,156482.0
956,2018-09-01,7411.0,7411.0,203.0,149361,149361,87.0,156772.0
957,2018-10-01,7304.0,7304.0,-107.0,149525,149525,164.0,156829.0
958,2018-11-01,7594.0,7594.0,290.0,149622,149622,97.0,157216.0
959,2018-12-01,7489.0,7489.0,-105.0,149804,149804,182.0,157293.0
960,2019-01-01,7502.0,7502.0,13.0,150062,150062,258.0,157564.0
961,2019-02-01,7066.0,7066.0,-436.0,150067,150067,5.0,157133.0
962,2019-03-01,7317.0,7317.0,251.0,150294,150294,227.0,157611.0
963,2019-04-01,7272.0,7272.0,-45.0,150602,150602,308.0,157874.0
964,2019-05-01,7275.0,7275.0,3.0,150640,150640,38.0,157915.0
965,2019-06-01,7194.0,7194.0,-81.0,150844,150844,204.0,158038.0
966,2019-07-01,7042.0,7042.0,-152.0,150934,150934,90.0,157976.0
967,2019-08-01,7178.0,7178.0,136.0,151155,151155,221.0,158333.0
968,2019-09-01,7124.0,7124.0,-54.0,151358,151358,203.0,158482.0
969,2019-10-01,7289.0,7289.0,165.0,151458,151458,100.0,158747.0
970,2019-11-01,6888.0,6888.0,-401.0,151666,151666,208.0,158554.0
971,2019-12-01,6699.0,6699.0,-189.0,151792,151792,126.0,158491.0
972,2020-01-01,7170.0,7170.0,471.0,152045,152045,253.0,159215.0
973,2020-02-01,6974.0,6974.0,-196.0,152309,152309,264.0,159283.0
974,2020-03-01,5924.0,5924.0,-1050.0,150898,150898,-1411.0,156822.0
975,2020-04-01,4637.0,4637.0,-1287.0,130421,130421,-20477.0,135058.0
976,2020-05-01,5593.0,5593.0,956.0,133040,133040,2619.0,138633.0
977,2020-06-01,6156.0,6156.0,563.0,137655,137655,4615.0,143811.0
978,2020-07-01,6491.0,6491.0,335.0,139240,139240,1585.0,145731.0
979,2020-08-01,6369.0,6369.0,-122.0,140774,140774,1534.0,147143.0
980,2020-09-01,6505.0,6505.0,136.0,141820,141820,1046.0,148325.0
981,2020-10-01,6838.0,6838.0,333.0,142493,142493,673.0,149331.0
982,2020-11-01,6857.0,6857.0,19.0,142761,142761,268.0,149618.0
983,2020-12-01,6758.0,6758.0,-99.0,142518,142518,-243.0,149276.0
984,2021-01-01,7185.0,7185.0,427.0,142916,142916,398.0,150101.0
985,2021-02-01,7818.0,7818.0,633.0,143443,143443,527.0,151261.0
986,2021-03-01,8519.0,8519.0,701.0,144274,144274,831.0,152793.0
987,2021-04-01,9282.0,9282.0,763.0,144593,144593,319.0,153875.0
988,2021-05-01,9905.0,9905.0,623.0,145044,145044,451.0,154949.0
989,2021-06-01,10317.0,10317.0,412.0,145822,145822,778.0,156139.0
990,2021-07-01,10991.0,10991.0,674.0,146761,146761,939.0,157752.0
991,2021-08-01,10884.0,10884.0,-107.0,147226,147226,465.0,158110.0
992,2021-09-01,10875.0,10875.0,-9.0,147706,147706,480.0,158581.0
993,2021-10-01,11365.0,11365.0,490.0,148566,148566,860.0,159931.0
994,2021-11-01,11178.0,11178.0,-187.0,149197,149197,631.0,160375.0
995,2021-12-01,11511.0,11511.0,333.0,149763,149763,566.0,161274.0
996,2022-01-01,11243.0,11243.0,-268.0,150014,150014,251.0,161257.0
997,2022-02-01,11700.0,11700.0,457.0,150876,150876,862.0,162576.0
998,2022-03-01,12182.0,12182.0,482.0,151370,151370,494.0,163552.0
999,2022-04-01,11773.0,11773.0,-409.0,151642,151642,272.0,163415.0
1000,2022-05-01,11473.0,11473.0,-300.0,151928,151928,286.0,163401.0
1001,2022-06-01,11204.0,11204.0,-269.0,152348,152348,420.0,163552.0
1002,2022-07-01,11537.0,11537.0,333.0,153038,153038,690.0,164575.0
1003,2022-08-01,10119.0,10119.0,-1418.0,153281,153281,243.0,163400.0
1004,2022-09-01,10784.0,10784.0,665.0,153536,153536,255.0,164320.0
1005,2022-10-01,10526.0,10526.0,-258.0,153897,153897,361.0,164423.0
1006,2022-11-01,10702.0,10702.0,176.0,154155,154155,258.0,164857.0
1007,2022-12-01,11000.0,11000.0,298.0,154291,154291,136.0,165291.0
1008,2023-01-01,10425.0,10425.0,-575.0,154773,154773,482.0,165198.0
1009,2023-02-01,9849.0,9849.0,-576.0,155060,155060,287.0,164909.0
1010,2023-03-01,9623.0,9623.0,-226.0,155206,155206,146.0,164829.0
1011,2023-04-01,9904.0,9904.0,281.0,155484,155484,278.0,165388.0
1012,2023-05-01,9311.0,9311.0,-593.0,155787,155787,303.0,165098.0
1013,2023-06-01,9125.0,9125.0,-186.0,156027,156027,240.0,165152.0
1014,2023-07-01,8805.0,8805.0,-320.0,156211,156211,184.0,165016.0
1015,2023-08-01,9358.0,9358.0,553.0,156421,156421,210.0,165779.0
1016,2023-09-01,9307.0,9307.0,-51.0,156667,156667,246.0,165974.0
1017,2023-10-01,8685.0,8685.0,-622.0,156832,156832,165.0,165517.0
1018,2023-11-01,8931.0,8931.0,246.0,157014,157014,182.0,165945.0
1019,2023-12-01,8889.0,8889.0,-42.0,157304,157304,290.0,166193.0
1020,2024-01-01,8748.0,8748.0,-141.0,157560,157560,256.0,166308.0
1021,2024-02-01,8813.0,8813.0,65.0,157796,157796,236.0,166609.0
1022,2024-03-01,8355.0,8355.0,-458.0,158106,158106,310.0,166461.0
1023,2024-04-01,7919.0,7919.0,-436.0,158214,158214,108.0,166133.0
1024,2024-05-01,8140.0,8140.0,221.0,158432,158432,218.0,166572.0
1025,2024-06-01,,,,158638,158638,206.0,
